// Generated from original optishade_guides.hlsl; GPL-3.0-or-later. Do not edit.
// Source-SHA256: 30BDC77049ACF069F0AA8E50F8C5D4936BF4D5B09916AED291217B4EB82423FF
#pragma once
namespace osguide::shaders {
alignas(4) inline constexpr unsigned char Prepare_dxil[] = {
0x44,0x58,0x42,0x43,0x8B,0xE8,0x54,0x32,0x69,0x87,0x3B,0x2F,0xBF,0xBD,0xC0,0x32,0x27,0xF7,0x55,0xA1,0x01,0x00,0x00,0x00,
0x94,0x14,0x00,0x00,0x07,0x00,0x00,0x00,0x3C,0x00,0x00,0x00,0x4C,0x00,0x00,0x00,0x5C,0x00,0x00,0x00,0x6C,0x00,0x00,0x00,
0x10,0x01,0x00,0x00,0xF4,0x08,0x00,0x00,0x10,0x09,0x00,0x00,0x53,0x46,0x49,0x30,0x08,0x00,0x00,0x00,0x00,0x00,0x00,0x00,
0x00,0x00,0x00,0x00,0x49,0x53,0x47,0x31,0x08,0x00,0x00,0x00,0x00,0x00,0x00,0x00,0x08,0x00,0x00,0x00,0x4F,0x53,0x47,0x31,
0x08,0x00,0x00,0x00,0x00,0x00,0x00,0x00,0x08,0x00,0x00,0x00,0x50,0x53,0x56,0x30,0x9C,0x00,0x00,0x00,0x34,0x00,0x00,0x00,
0x00,0x00,0x00,0x00,0x00,0x00,0x00,0x00,0x00,0x00,0x00,0x00,0x00,0x00,0x00,0x00,0x00,0x00,0x00,0x00,0xFF,0xFF,0xFF,0xFF,
0x05,0x00,0x00,0x00,0x00,0x00,0x00,0x00,0x00,0x00,0x00,0x00,0x08,0x00,0x00,0x00,0x08,0x00,0x00,0x00,0x01,0x00,0x00,0x00,
0x01,0x00,0x00,0x00,0x03,0x00,0x00,0x00,0x18,0x00,0x00,0x00,0x02,0x00,0x00,0x00,0x00,0x00,0x00,0x00,0x00,0x00,0x00,0x00,
0x00,0x00,0x00,0x00,0x0D,0x00,0x00,0x00,0x00,0x00,0x00,0x00,0x03,0x00,0x00,0x00,0x00,0x00,0x00,0x00,0x00,0x00,0x00,0x00,
0x00,0x00,0x00,0x00,0x02,0x00,0x00,0x00,0x00,0x00,0x00,0x00,0x06,0x00,0x00,0x00,0x00,0x00,0x00,0x00,0x00,0x00,0x00,0x00,
0x00,0x00,0x00,0x00,0x02,0x00,0x00,0x00,0x00,0x00,0x00,0x00,0x0C,0x00,0x00,0x00,0x00,0x50,0x72,0x65,0x70,0x61,0x72,0x65,
0x00,0x00,0x00,0x00,0x00,0x00,0x00,0x00,0x53,0x54,0x41,0x54,0xDC,0x07,0x00,0x00,0x60,0x00,0x05,0x00,0xF7,0x01,0x00,0x00,
0x44,0x58,0x49,0x4C,0x00,0x01,0x00,0x00,0x10,0x00,0x00,0x00,0xC4,0x07,0x00,0x00,0x42,0x43,0xC0,0xDE,0x21,0x0C,0x00,0x00,
0xEE,0x01,0x00,0x00,0x0B,0x82,0x20,0x00,0x02,0x00,0x00,0x00,0x13,0x00,0x00,0x00,0x07,0x81,0x23,0x91,0x41,0xC8,0x04,0x49,
0x06,0x10,0x32,0x39,0x92,0x01,0x84,0x0C,0x25,0x05,0x08,0x19,0x1E,0x04,0x8B,0x62,0x80,0x18,0x45,0x02,0x42,0x92,0x0B,0x42,
0xC4,0x10,0x32,0x14,0x38,0x08,0x18,0x4B,0x0A,0x32,0x62,0x88,0x48,0x90,0x14,0x20,0x43,0x46,0x88,0xA5,0x00,0x19,0x32,0x42,
0xE4,0x48,0x0E,0x90,0x11,0x23,0xC4,0x50,0x41,0x51,0x81,0x8C,0xE1,0x83,0xE5,0x8A,0x04,0x31,0x46,0x06,0x51,0x18,0x00,0x00,
0x08,0x00,0x00,0x00,0x1B,0x8C,0xE0,0xFF,0xFF,0xFF,0xFF,0x07,0x40,0x02,0xA8,0x0D,0x86,0xF0,0xFF,0xFF,0xFF,0xFF,0x03,0x20,
0x01,0xD5,0x06,0x62,0xF8,0xFF,0xFF,0xFF,0xFF,0x01,0x90,0x00,0x49,0x18,0x00,0x00,0x03,0x00,0x00,0x00,0x13,0x82,0x60,0x42,
0x20,0x4C,0x08,0x06,0x00,0x00,0x00,0x00,0x89,0x20,0x00,0x00,0x60,0x00,0x00,0x00,0x32,0x22,0x88,0x09,0x20,0x64,0x85,0x04,
0x13,0x23,0xA4,0x84,0x04,0x13,0x23,0xE3,0x84,0xA1,0x90,0x14,0x12,0x4C,0x8C,0x8C,0x0B,0x84,0xC4,0x4C,0x10,0x8C,0xC1,0x08,
0x40,0x09,0x00,0x0A,0xE6,0x08,0xC0,0xA0,0x0C,0xC3,0x30,0x10,0x51,0x88,0x61,0x18,0x06,0x32,0x66,0x00,0x6E,0x1A,0x2E,0x7F,
0xC2,0x1E,0x42,0xF2,0x57,0x42,0x5A,0x89,0xC9,0x2F,0x6E,0x1B,0x15,0x08,0x82,0x20,0xC3,0x1C,0x01,0x42,0xCA,0x3D,0xC3,0xE5,
0x4F,0xD8,0x43,0x48,0x7E,0x08,0x34,0xC3,0x42,0xA0,0x60,0x29,0x4A,0x32,0x30,0xC3,0x30,0x0C,0xC3,0x30,0x50,0x53,0x16,0x60,
0x60,0x86,0x61,0x40,0x10,0x04,0x51,0xE8,0x29,0x08,0x32,0x20,0x08,0x82,0x20,0x08,0x45,0x47,0x0D,0x97,0x3F,0x61,0x0F,0x21,
0xF9,0xDC,0x46,0x15,0x2B,0x31,0xF9,0xC8,0x6D,0x23,0x62,0x18,0x86,0xA1,0x10,0xD3,0xC0,0x0C,0x44,0xCD,0x11,0x04,0xC5,0x60,
0x06,0x65,0x18,0x2C,0xBA,0x06,0x02,0x86,0x11,0x08,0x64,0xA6,0x36,0x18,0x07,0x76,0x08,0x87,0x79,0x98,0x07,0x37,0xA0,0x85,
0x72,0xC0,0x07,0x7A,0xA8,0x07,0x79,0x28,0x07,0x39,0x20,0x05,0x3E,0xB0,0x87,0x72,0x18,0x07,0x7A,0x78,0x07,0x79,0xE0,0x03,
0x73,0x60,0x87,0x77,0x08,0x07,0x7A,0x60,0x03,0x30,0xA0,0x03,0x3F,0x00,0x03,0x3F,0xD0,0x03,0x3D,0x68,0x87,0x74,0x80,0x87,
0x79,0xF8,0x05,0x7A,0xC8,0x07,0x78,0x28,0x07,0x14,0x0C,0x33,0x89,0xC1,0x38,0xB0,0x43,0x38,0xCC,0xC3,0x3C,0xB8,0x01,0x2D,
0x94,0x03,0x3E,0xD0,0x43,0x3D,0xC8,0x43,0x39,0xC8,0x01,0x29,0xF0,0x81,0x3D,0x94,0xC3,0x38,0xD0,0xC3,0x3B,0xC8,0x03,0x1F,
0x98,0x03,0x3B,0xBC,0x43,0x38,0xD0,0x03,0x1B,0x80,0x01,0x1D,0xF8,0x01,0x18,0xF8,0x01,0x12,0xB4,0x8D,0xB8,0x99,0xC8,0x60,
0x1C,0xD8,0x21,0x1C,0xE6,0x61,0x1E,0xDC,0x40,0x16,0x6E,0x81,0x16,0xCA,0x01,0x1F,0xE8,0xA1,0x1E,0xE4,0xA1,0x1C,0xE4,0x80,
0x14,0xF8,0xC0,0x1E,0xCA,0x61,0x1C,0xE8,0xE1,0x1D,0xE4,0x81,0x0F,0xCC,0x81,0x1D,0xDE,0x21,0x1C,0xE8,0x81,0x0D,0xC0,0x80,
0x0E,0xFC,0x00,0x0C,0xFC,0x00,0x05,0x1A,0x79,0x07,0x49,0x53,0x44,0x09,0x93,0xFF,0x45,0x00,0x43,0x74,0xC0,0x04,0x20,0x64,
0x18,0x86,0x61,0x40,0x86,0xE1,0x8A,0x22,0x02,0x18,0x02,0x05,0x20,0x85,0x00,0x00,0x13,0x14,0x72,0xC0,0x87,0x74,0x60,0x87,
0x36,0x68,0x87,0x79,0x68,0x03,0x72,0xC0,0x87,0x0D,0xAF,0x50,0x0E,0x6D,0xD0,0x0E,0x7A,0x50,0x0E,0x6D,0x00,0x0F,0x7A,0x30,
0x07,0x72,0xA0,0x07,0x73,0x20,0x07,0x6D,0x90,0x0E,0x71,0xA0,0x07,0x73,0x20,0x07,0x6D,0x90,0x0E,0x78,0xA0,0x07,0x73,0x20,
0x07,0x6D,0x90,0x0E,0x71,0x60,0x07,0x7A,0x30,0x07,0x72,0xD0,0x06,0xE9,0x30,0x07,0x72,0xA0,0x07,0x73,0x20,0x07,0x6D,0x90,
0x0E,0x76,0x40,0x07,0x7A,0x60,0x07,0x74,0xD0,0x06,0xE6,0x10,0x07,0x76,0xA0,0x07,0x73,0x20,0x07,0x6D,0x60,0x0E,0x73,0x20,
0x07,0x7A,0x30,0x07,0x72,0xD0,0x06,0xE6,0x60,0x07,0x74,0xA0,0x07,0x76,0x40,0x07,0x6D,0xE0,0x0E,0x78,0xA0,0x07,0x71,0x60,
0x07,0x7A,0x30,0x07,0x72,0xA0,0x07,0x76,0x40,0x07,0x43,0x9E,0x00,0x08,0x00,0x00,0x00,0x00,0x00,0x00,0x00,0x00,0x00,0x86,
0x3C,0x04,0x10,0x00,0x01,0x00,0x00,0x00,0x00,0x00,0x00,0x00,0x0C,0x79,0x0C,0x20,0x00,0x02,0x00,0x00,0x00,0x00,0x00,0x00,
0x00,0x18,0xF2,0x34,0x40,0x00,0x08,0x00,0x00,0x00,0x00,0x00,0x00,0x00,0x30,0xE4,0x79,0x80,0x00,0x18,0x00,0x00,0x00,0x00,
0x00,0x00,0x00,0x60,0xC8,0x13,0x01,0x01,0x10,0x00,0x00,0x00,0x00,0x00,0x00,0x00,0xC0,0x90,0x87,0x02,0x02,0x40,0x00,0x00,
0x00,0x00,0x00,0x00,0x00,0x80,0x21,0xCF,0x05,0x04,0x80,0x00,0x00,0x00,0x00,0x00,0x00,0x00,0x00,0x59,0x20,0x00,0x00,0x00,
0x11,0x00,0x00,0x00,0x32,0x1E,0x98,0x18,0x19,0x11,0x4C,0x90,0x8C,0x09,0x26,0x47,0xC6,0x04,0x43,0x1A,0x4A,0x60,0x04,0xA0,
0x18,0x8A,0xA0,0x24,0x0A,0xA8,0x0C,0xCA,0xA1,0x14,0x0A,0xA1,0x20,0x0A,0xA3,0x40,0x0A,0xA5,0x60,0x0A,0xA7,0x00,0x03,0x0A,
0x5A,0xA0,0x4C,0xC8,0x1A,0x01,0xA0,0x6E,0x06,0x80,0xBE,0x19,0x00,0x02,0x67,0x00,0x28,0x9C,0x01,0x20,0x71,0x06,0x00,0x00,
0x79,0x18,0x00,0x00,0x9B,0x00,0x00,0x00,0x1A,0x03,0x4C,0x90,0x46,0x02,0x13,0xC4,0x8E,0x0C,0x6F,0xEC,0xED,0x4D,0x0C,0x24,
0xC6,0x25,0xC7,0x45,0xC6,0x06,0x26,0xC7,0xA5,0x06,0x04,0x05,0x26,0x46,0xCC,0x46,0x26,0x8C,0x8C,0xE6,0x26,0x65,0x43,0x10,
0x4C,0x10,0x06,0x64,0x82,0x30,0x24,0x1B,0x84,0x81,0xD8,0x20,0x10,0x04,0x85,0xB1,0xB9,0x09,0xC2,0xA0,0x6C,0x18,0x0E,0x84,
0x98,0x20,0x74,0x1C,0x0F,0xB8,0xB4,0x31,0xBA,0x3A,0xB9,0xB2,0x09,0xC2,0xB0,0x4C,0x10,0x06,0x66,0x83,0x40,0x34,0x1B,0x12,
0x42,0x59,0x08,0x62,0x60,0x08,0x67,0x43,0xF0,0x4C,0x10,0xBE,0x8E,0x84,0x5B,0x19,0x1E,0xDD,0x04,0xC1,0xDA,0x36,0x2C,0x44,
0x24,0x11,0xC4,0xC0,0x4C,0xD3,0xE4,0x6C,0x08,0xA8,0x09,0x82,0x18,0x80,0x01,0x0B,0x33,0xB9,0xB0,0xB6,0xB2,0x09,0xC2,0xD0,
0x6C,0x40,0x08,0xEB,0x22,0x88,0x01,0x03,0x36,0x04,0xD9,0x06,0x02,0xAA,0x34,0x60,0x82,0x00,0x06,0x1E,0x8B,0xBB,0x34,0x32,
0x3A,0xB4,0x09,0xC2,0xE0,0x4C,0x10,0x86,0x67,0x82,0x30,0x40,0x1B,0x0C,0xA4,0xF3,0x88,0x0F,0x0C,0x68,0xA0,0x95,0xA5,0x9D,
0xA1,0xD1,0x4D,0x10,0x86,0x68,0x83,0x81,0x88,0x81,0x37,0x06,0x1F,0x18,0x90,0xB8,0x0B,0x93,0x6B,0x9B,0x20,0x0C,0xD2,0x06,
0x03,0x29,0x03,0xCF,0x0C,0x3E,0x30,0x20,0x22,0x57,0x66,0x57,0x26,0x37,0x57,0x46,0x36,0x41,0x18,0xA6,0x0D,0x06,0x82,0x06,
0x5E,0x1A,0x7C,0x60,0xC0,0x85,0xED,0xED,0x2C,0x4C,0x2E,0x8D,0x0E,0xAD,0x2D,0x6D,0x6C,0x82,0x30,0x50,0x1B,0x0C,0x64,0x0D,
0x3C,0x36,0xF8,0xC0,0x80,0x0F,0x59,0x19,0x1C,0x1D,0x5A,0x53,0x1D,0x1B,0x5D,0x1A,0x1C,0x5B,0x5A,0x99,0xDC,0x04,0x61,0xA8,
0x36,0x18,0x88,0x1B,0x78,0x6F,0xF0,0x35,0x24,0xE0,0xC2,0xC8,0x60,0x26,0x08,0x83,0xB5,0xC1,0x40,0xE2,0xC0,0x93,0x83,0x0F,
0x0C,0x48,0xC0,0x85,0x91,0xC5,0x4C,0x10,0x86,0x6B,0x83,0x81,0xD0,0x81,0x57,0x07,0x1F,0x18,0x6C,0x48,0xB0,0x30,0x20,0x83,
0x33,0x50,0x83,0x36,0x80,0x83,0x39,0xB0,0x83,0x09,0x42,0x18,0x7C,0x1B,0x08,0xE4,0xF2,0x88,0x0D,0x02,0x96,0x07,0x1B,0x0A,
0x82,0xBB,0x03,0x3C,0xD0,0x83,0x09,0x82,0x00,0x6C,0x00,0x36,0x0C,0x44,0x1F,0xF4,0xC1,0x86,0xC0,0x0F,0x36,0x0C,0x03,0x1F,
0xFC,0x01,0x0F,0x28,0xB9,0x32,0xB8,0x30,0xB9,0xB2,0x0D,0x83,0x19,0x98,0xC1,0xB0,0x41,0x18,0x03,0x51,0xD8,0x50,0xF0,0x41,
0x28,0x00,0xDB,0x28,0x10,0x11,0x93,0x0B,0x73,0x1B,0x43,0x2B,0x9B,0xA3,0x61,0xC6,0xF6,0x16,0x46,0x37,0x37,0x41,0x18,0x30,
0x16,0x69,0x6E,0x73,0x74,0x73,0x13,0x84,0x21,0x23,0x91,0xE6,0x46,0x37,0x47,0x84,0xAE,0x0C,0xEF,0x8B,0xED,0x2D,0x8C,0x8C,
0x09,0x5D,0x19,0xDE,0xD7,0x1C,0xDD,0x9B,0x5C,0x19,0x8B,0xBA,0x34,0x37,0xBA,0xB9,0x09,0xC2,0xA0,0x6D,0x70,0x4A,0x61,0x30,
0x85,0x53,0x40,0x85,0x54,0x50,0x05,0x64,0x15,0xD8,0x80,0x15,0x86,0x56,0x70,0x85,0x2A,0x6C,0x6C,0x76,0x6D,0x2E,0x69,0x64,
0x65,0x6E,0x74,0x53,0x82,0xA0,0x0A,0x19,0x9E,0x8B,0x5D,0x99,0xDC,0x5C,0xDA,0x9B,0xDB,0x94,0x80,0x68,0x42,0x86,0xE7,0x62,
0x17,0xC6,0x66,0x57,0x26,0x37,0x25,0x28,0xEA,0x90,0xE1,0xB9,0xCC,0xA1,0x85,0x91,0x95,0xC9,0x35,0xBD,0x91,0x95,0xB1,0x4D,
0x09,0x90,0x32,0x64,0x78,0x2E,0x72,0x65,0x73,0x6F,0x75,0x72,0x63,0x65,0x73,0x53,0x02,0xAD,0x12,0x19,0x9E,0x0B,0x5D,0x1E,
0x5C,0x59,0x90,0x9B,0xDB,0x1B,0x5D,0x18,0x5D,0xDA,0x9B,0xDB,0xDC,0x14,0x41,0x0F,0xFE,0xA0,0x0E,0x19,0x9E,0x4B,0x99,0x1B,
0x9D,0x5C,0x1E,0xD4,0x5B,0x9A,0x1B,0xDD,0xDC,0x94,0x60,0x14,0xBA,0x90,0xE1,0xB9,0x8C,0xBD,0xD5,0xB9,0xD1,0x95,0xC9,0xCD,
0x4D,0x09,0x5C,0x01,0x79,0x18,0x00,0x00,0x55,0x00,0x00,0x00,0x33,0x08,0x80,0x1C,0xC4,0xE1,0x1C,0x66,0x14,0x01,0x3D,0x88,
0x43,0x38,0x84,0xC3,0x8C,0x42,0x80,0x07,0x79,0x78,0x07,0x73,0x98,0x71,0x0C,0xE6,0x00,0x0F,0xED,0x10,0x0E,0xF4,0x80,0x0E,
0x33,0x0C,0x42,0x1E,0xC2,0xC1,0x1D,0xCE,0xA1,0x1C,0x66,0x30,0x05,0x3D,0x88,0x43,0x38,0x84,0x83,0x1B,0xCC,0x03,0x3D,0xC8,
0x43,0x3D,0x8C,0x03,0x3D,0xCC,0x78,0x8C,0x74,0x70,0x07,0x7B,0x08,0x07,0x79,0x48,0x87,0x70,0x70,0x07,0x7A,0x70,0x03,0x76,
0x78,0x87,0x70,0x20,0x87,0x19,0xCC,0x11,0x0E,0xEC,0x90,0x0E,0xE1,0x30,0x0F,0x6E,0x30,0x0F,0xE3,0xF0,0x0E,0xF0,0x50,0x0E,
0x33,0x10,0xC4,0x1D,0xDE,0x21,0x1C,0xD8,0x21,0x1D,0xC2,0x61,0x1E,0x66,0x30,0x89,0x3B,0xBC,0x83,0x3B,0xD0,0x43,0x39,0xB4,
0x03,0x3C,0xBC,0x83,0x3C,0x84,0x03,0x3B,0xCC,0xF0,0x14,0x76,0x60,0x07,0x7B,0x68,0x07,0x37,0x68,0x87,0x72,0x68,0x07,0x37,
0x80,0x87,0x70,0x90,0x87,0x70,0x60,0x07,0x76,0x28,0x07,0x76,0xF8,0x05,0x76,0x78,0x87,0x77,0x80,0x87,0x5F,0x08,0x87,0x71,
0x18,0x87,0x72,0x98,0x87,0x79,0x98,0x81,0x2C,0xEE,0xF0,0x0E,0xEE,0xE0,0x0E,0xF5,0xC0,0x0E,0xEC,0x30,0x03,0x62,0xC8,0xA1,
0x1C,0xE4,0xA1,0x1C,0xCC,0xA1,0x1C,0xE4,0xA1,0x1C,0xDC,0x61,0x1C,0xCA,0x21,0x1C,0xC4,0x81,0x1D,0xCA,0x61,0x06,0xD6,0x90,
0x43,0x39,0xC8,0x43,0x39,0x98,0x43,0x39,0xC8,0x43,0x39,0xB8,0xC3,0x38,0x94,0x43,0x38,0x88,0x03,0x3B,0x94,0xC3,0x2F,0xBC,
0x83,0x3C,0xFC,0x82,0x3B,0xD4,0x03,0x3B,0xB0,0xC3,0x0C,0xC4,0x21,0x07,0x7C,0x70,0x03,0x7A,0x28,0x87,0x76,0x80,0x87,0x19,
0xCA,0xC3,0x0E,0xEC,0x60,0x0F,0xED,0xE0,0x06,0xEC,0xF0,0x0E,0xEF,0x00,0x0F,0x33,0x22,0x88,0x1C,0xF0,0xC1,0x0D,0xC8,0x41,
0x1C,0xCE,0xC1,0x0D,0xEC,0x21,0x1C,0xE4,0x81,0x1D,0xC2,0x21,0x1F,0xDE,0xA1,0x1E,0xE8,0x61,0x06,0x13,0x91,0x03,0x3E,0xB8,
0x81,0x38,0xC8,0x43,0x39,0x84,0xC3,0x3A,0xB8,0x81,0x38,0xC8,0x03,0x00,0x00,0x00,0x71,0x20,0x00,0x00,0x20,0x00,0x00,0x00,
0x06,0x70,0xA4,0x11,0xF1,0x00,0x11,0x61,0x02,0xD0,0x70,0xF9,0xCE,0xE3,0x07,0x48,0x03,0x44,0x98,0x8F,0xDC,0xB6,0x19,0x6C,
0xC3,0xE5,0x3B,0x8F,0x2F,0x04,0x54,0x51,0x10,0x51,0xE9,0x00,0x43,0x49,0x18,0x80,0x80,0xF9,0xC8,0x6D,0xDB,0x81,0x34,0x5C,
0xBE,0xF3,0xF8,0x42,0x44,0x00,0x13,0x11,0x02,0xCD,0xB0,0x10,0x56,0xE0,0x0C,0x97,0xEF,0x3C,0xFE,0xE0,0x4C,0xB7,0x5F,0xDC,
0xB6,0x0D,0x54,0xC3,0xE5,0x3B,0x8F,0x3F,0x11,0xD7,0x44,0x45,0x44,0xE9,0x00,0x83,0x5F,0xDC,0xB6,0x11,0x58,0xC3,0xE5,0x3B,
0x8F,0x3F,0x11,0xD7,0x44,0x45,0x04,0x3B,0x39,0x11,0xE1,0x17,0xB7,0x6D,0x01,0xD2,0x70,0xF9,0xCE,0xE3,0x4F,0x47,0x44,0x00,
0x83,0x38,0xF8,0xC8,0x6D,0x03,0x00,0x00,0x00,0x00,0x00,0x00,0x48,0x41,0x53,0x48,0x14,0x00,0x00,0x00,0x00,0x00,0x00,0x00,
0xA1,0x26,0xA9,0x49,0x2F,0x38,0x56,0x98,0x20,0xA0,0xD5,0x3C,0x78,0x0E,0xC4,0xF9,0x44,0x58,0x49,0x4C,0x7C,0x0B,0x00,0x00,
0x60,0x00,0x05,0x00,0xDF,0x02,0x00,0x00,0x44,0x58,0x49,0x4C,0x00,0x01,0x00,0x00,0x10,0x00,0x00,0x00,0x64,0x0B,0x00,0x00,
0x42,0x43,0xC0,0xDE,0x21,0x0C,0x00,0x00,0xD6,0x02,0x00,0x00,0x0B,0x82,0x20,0x00,0x02,0x00,0x00,0x00,0x13,0x00,0x00,0x00,
0x07,0x81,0x23,0x91,0x41,0xC8,0x04,0x49,0x06,0x10,0x32,0x39,0x92,0x01,0x84,0x0C,0x25,0x05,0x08,0x19,0x1E,0x04,0x8B,0x62,
0x80,0x18,0x45,0x02,0x42,0x92,0x0B,0x42,0xC4,0x10,0x32,0x14,0x38,0x08,0x18,0x4B,0x0A,0x32,0x62,0x88,0x48,0x90,0x14,0x20,
0x43,0x46,0x88,0xA5,0x00,0x19,0x32,0x42,0xE4,0x48,0x0E,0x90,0x11,0x23,0xC4,0x50,0x41,0x51,0x81,0x8C,0xE1,0x83,0xE5,0x8A,
0x04,0x31,0x46,0x06,0x51,0x18,0x00,0x00,0x08,0x00,0x00,0x00,0x1B,0x8C,0xE0,0xFF,0xFF,0xFF,0xFF,0x07,0x40,0x02,0xA8,0x0D,
0x86,0xF0,0xFF,0xFF,0xFF,0xFF,0x03,0x20,0x01,0xD5,0x06,0x62,0xF8,0xFF,0xFF,0xFF,0xFF,0x01,0x90,0x00,0x49,0x18,0x00,0x00,
0x03,0x00,0x00,0x00,0x13,0x82,0x60,0x42,0x20,0x4C,0x08,0x06,0x00,0x00,0x00,0x00,0x89,0x20,0x00,0x00,0x61,0x00,0x00,0x00,
0x32,0x22,0x88,0x09,0x20,0x64,0x85,0x04,0x13,0x23,0xA4,0x84,0x04,0x13,0x23,0xE3,0x84,0xA1,0x90,0x14,0x12,0x4C,0x8C,0x8C,
0x0B,0x84,0xC4,0x4C,0x10,0x90,0xC1,0x08,0x40,0x09,0x00,0x0A,0xE6,0x08,0xC0,0xA0,0x0C,0xC3,0x30,0x10,0x51,0x88,0x61,0x18,
0x06,0x32,0x66,0x00,0x6E,0x1A,0x2E,0x7F,0xC2,0x1E,0x42,0xF2,0x57,0x42,0x5A,0x89,0xC9,0x2F,0x6E,0x1B,0x15,0x08,0x82,0x20,
0xC3,0x1C,0x01,0x42,0xCA,0x3D,0xC3,0xE5,0x4F,0xD8,0x43,0x48,0x7E,0x08,0x34,0xC3,0x42,0xA0,0x60,0x29,0x4A,0x32,0x30,0xC3,
0x30,0x0C,0xC3,0x30,0x50,0x53,0x16,0x60,0x60,0x86,0x61,0x40,0x10,0x04,0x51,0xE8,0x29,0x08,0x32,0x20,0x08,0x82,0x20,0x08,
0x45,0x47,0x0D,0x97,0x3F,0x61,0x0F,0x21,0xF9,0xDC,0x46,0x15,0x2B,0x31,0xF9,0xC8,0x6D,0x23,0x62,0x18,0x86,0xA1,0x10,0xD3,
0xC0,0x0C,0x44,0xCD,0x11,0x04,0xC5,0x60,0x06,0x65,0x18,0x2C,0xBA,0x06,0x02,0x86,0x11,0x08,0x64,0xA6,0x36,0x18,0x07,0x76,
0x08,0x87,0x79,0x98,0x07,0x37,0xA0,0x85,0x72,0xC0,0x07,0x7A,0xA8,0x07,0x79,0x28,0x07,0x39,0x20,0x05,0x3E,0xB0,0x87,0x72,
0x18,0x07,0x7A,0x78,0x07,0x79,0xE0,0x03,0x73,0x60,0x87,0x77,0x08,0x07,0x7A,0x60,0x03,0x30,0xA0,0x03,0x3F,0x00,0x03,0x3F,
0xD0,0x03,0x3D,0x68,0x87,0x74,0x80,0x87,0x79,0xF8,0x05,0x7A,0xC8,0x07,0x78,0x28,0x07,0x14,0x0C,0x33,0x89,0xC1,0x38,0xB0,
0x43,0x38,0xCC,0xC3,0x3C,0xB8,0x01,0x2D,0x94,0x03,0x3E,0xD0,0x43,0x3D,0xC8,0x43,0x39,0xC8,0x01,0x29,0xF0,0x81,0x3D,0x94,
0xC3,0x38,0xD0,0xC3,0x3B,0xC8,0x03,0x1F,0x98,0x03,0x3B,0xBC,0x43,0x38,0xD0,0x03,0x1B,0x80,0x01,0x1D,0xF8,0x01,0x18,0xF8,
0x01,0x12,0xB4,0x8D,0xB8,0x99,0xC8,0x60,0x1C,0xD8,0x21,0x1C,0xE6,0x61,0x1E,0xDC,0x40,0x16,0x6E,0x81,0x16,0xCA,0x01,0x1F,
0xE8,0xA1,0x1E,0xE4,0xA1,0x1C,0xE4,0x80,0x14,0xF8,0xC0,0x1E,0xCA,0x61,0x1C,0xE8,0xE1,0x1D,0xE4,0x81,0x0F,0xCC,0x81,0x1D,
0xDE,0x21,0x1C,0xE8,0x81,0x0D,0xC0,0x80,0x0E,0xFC,0x00,0x0C,0xFC,0x00,0x05,0x1A,0x79,0x07,0x49,0x53,0x44,0x09,0x93,0xFF,
0x45,0x00,0x43,0x74,0xC0,0x04,0x20,0x64,0x18,0x86,0x61,0x40,0x86,0xE1,0x8A,0x22,0x02,0x18,0x02,0x05,0x20,0x85,0x53,0x00,
0x00,0x00,0x00,0x00,0x13,0x14,0x72,0xC0,0x87,0x74,0x60,0x87,0x36,0x68,0x87,0x79,0x68,0x03,0x72,0xC0,0x87,0x0D,0xAF,0x50,
0x0E,0x6D,0xD0,0x0E,0x7A,0x50,0x0E,0x6D,0x00,0x0F,0x7A,0x30,0x07,0x72,0xA0,0x07,0x73,0x20,0x07,0x6D,0x90,0x0E,0x71,0xA0,
0x07,0x73,0x20,0x07,0x6D,0x90,0x0E,0x78,0xA0,0x07,0x73,0x20,0x07,0x6D,0x90,0x0E,0x71,0x60,0x07,0x7A,0x30,0x07,0x72,0xD0,
0x06,0xE9,0x30,0x07,0x72,0xA0,0x07,0x73,0x20,0x07,0x6D,0x90,0x0E,0x76,0x40,0x07,0x7A,0x60,0x07,0x74,0xD0,0x06,0xE6,0x10,
0x07,0x76,0xA0,0x07,0x73,0x20,0x07,0x6D,0x60,0x0E,0x73,0x20,0x07,0x7A,0x30,0x07,0x72,0xD0,0x06,0xE6,0x60,0x07,0x74,0xA0,
0x07,0x76,0x40,0x07,0x6D,0xE0,0x0E,0x78,0xA0,0x07,0x71,0x60,0x07,0x7A,0x30,0x07,0x72,0xA0,0x07,0x76,0x40,0x07,0x43,0x9E,
0x00,0x00,0x00,0x00,0x00,0x00,0x00,0x00,0x00,0x00,0x00,0x86,0x3C,0x04,0x10,0x00,0x01,0x00,0x00,0x00,0x00,0x00,0x00,0x00,
0x0C,0x79,0x0C,0x20,0x00,0x02,0x00,0x00,0x00,0x00,0x00,0x00,0x00,0x18,0xF2,0x34,0x40,0x00,0x08,0x00,0x00,0x00,0x00,0x00,
0x00,0x00,0x30,0xE4,0x79,0x80,0x00,0x18,0x00,0x00,0x00,0x00,0x00,0x00,0x00,0x60,0xC8,0x13,0x01,0x01,0x10,0x00,0x00,0x00,
0x00,0x00,0x00,0x00,0xC0,0x90,0x87,0x02,0x02,0x40,0x00,0x00,0x00,0x00,0x00,0x00,0x00,0x80,0x21,0xCF,0x05,0x04,0x80,0x00,
0x00,0x00,0x00,0x00,0x00,0x00,0x00,0x59,0x20,0x00,0x00,0x00,0x0B,0x00,0x00,0x00,0x32,0x1E,0x98,0x14,0x19,0x11,0x4C,0x90,
0x8C,0x09,0x26,0x47,0xC6,0x04,0x43,0x1A,0x4A,0x60,0x04,0xA0,0x24,0x8A,0xA1,0x08,0x0A,0xA8,0x10,0x0A,0x82,0xAC,0x11,0x00,
0xEA,0x66,0x00,0xE8,0x9B,0x01,0x20,0x71,0x06,0x00,0x00,0x00,0x79,0x18,0x00,0x00,0x40,0x00,0x00,0x00,0x1A,0x03,0x4C,0x90,
0x46,0x02,0x13,0xC4,0x8E,0x0C,0x6F,0xEC,0xED,0x4D,0x0C,0x24,0xC6,0x25,0xC7,0x45,0xC6,0x06,0x26,0xC7,0xA5,0x06,0x04,0x05,
0x26,0x46,0xCC,0x46,0x26,0x8C,0x8C,0xE6,0x26,0x65,0x43,0x10,0x4C,0x10,0x06,0x64,0x82,0x30,0x24,0x1B,0x84,0x81,0x98,0x20,
0x0C,0xCA,0x06,0x61,0x30,0x28,0x8C,0xCD,0x4D,0x10,0x86,0x65,0xC3,0x80,0x24,0xC4,0x04,0xA1,0x8B,0x08,0x4C,0x10,0x06,0x66,
0x83,0x40,0x18,0x1B,0x12,0x62,0x61,0x08,0x62,0x68,0x08,0x67,0x43,0xF0,0x4C,0x10,0x3E,0x69,0x82,0x60,0x41,0x1B,0x16,0x22,
0x62,0x08,0x62,0x68,0x24,0x49,0x72,0x36,0x04,0xD3,0x04,0x41,0x0C,0xA6,0x09,0xC2,0xD0,0x6C,0x40,0x88,0x8A,0x21,0x88,0xC1,
0x02,0x36,0x04,0xD7,0x06,0x02,0xA2,0x30,0x60,0x82,0x20,0x00,0x3C,0xA0,0xE4,0xCA,0xE0,0xC2,0xE4,0xCA,0x26,0x08,0x83,0x33,
0x41,0x18,0x9E,0x0D,0x43,0xD7,0x0D,0x1B,0x04,0xCE,0xDB,0x50,0x68,0x1B,0x90,0x7D,0x55,0xD8,0xD8,0xEC,0xDA,0x5C,0xD2,0xC8,
0xCA,0xDC,0xE8,0xA6,0x04,0x41,0x15,0x32,0x3C,0x17,0xBB,0x32,0xB9,0xB9,0xB4,0x37,0xB7,0x29,0x01,0xD1,0x84,0x0C,0xCF,0xC5,
0x2E,0x8C,0xCD,0xAE,0x4C,0x6E,0x4A,0x60,0xD4,0x21,0xC3,0x73,0x99,0x43,0x0B,0x23,0x2B,0x93,0x6B,0x7A,0x23,0x2B,0x63,0x9B,
0x12,0x24,0x65,0xC8,0xF0,0x5C,0xE4,0xCA,0xE6,0xDE,0xEA,0xE4,0xC6,0xCA,0xE6,0xA6,0x04,0x58,0x1D,0x32,0x3C,0x97,0x32,0x37,
0x3A,0xB9,0x3C,0xA8,0xB7,0x34,0x37,0xBA,0xB9,0x29,0xC1,0x07,0x79,0x18,0x00,0x00,0x55,0x00,0x00,0x00,0x33,0x08,0x80,0x1C,
0xC4,0xE1,0x1C,0x66,0x14,0x01,0x3D,0x88,0x43,0x38,0x84,0xC3,0x8C,0x42,0x80,0x07,0x79,0x78,0x07,0x73,0x98,0x71,0x0C,0xE6,
0x00,0x0F,0xED,0x10,0x0E,0xF4,0x80,0x0E,0x33,0x0C,0x42,0x1E,0xC2,0xC1,0x1D,0xCE,0xA1,0x1C,0x66,0x30,0x05,0x3D,0x88,0x43,
0x38,0x84,0x83,0x1B,0xCC,0x03,0x3D,0xC8,0x43,0x3D,0x8C,0x03,0x3D,0xCC,0x78,0x8C,0x74,0x70,0x07,0x7B,0x08,0x07,0x79,0x48,
0x87,0x70,0x70,0x07,0x7A,0x70,0x03,0x76,0x78,0x87,0x70,0x20,0x87,0x19,0xCC,0x11,0x0E,0xEC,0x90,0x0E,0xE1,0x30,0x0F,0x6E,
0x30,0x0F,0xE3,0xF0,0x0E,0xF0,0x50,0x0E,0x33,0x10,0xC4,0x1D,0xDE,0x21,0x1C,0xD8,0x21,0x1D,0xC2,0x61,0x1E,0x66,0x30,0x89,
0x3B,0xBC,0x83,0x3B,0xD0,0x43,0x39,0xB4,0x03,0x3C,0xBC,0x83,0x3C,0x84,0x03,0x3B,0xCC,0xF0,0x14,0x76,0x60,0x07,0x7B,0x68,
0x07,0x37,0x68,0x87,0x72,0x68,0x07,0x37,0x80,0x87,0x70,0x90,0x87,0x70,0x60,0x07,0x76,0x28,0x07,0x76,0xF8,0x05,0x76,0x78,
0x87,0x77,0x80,0x87,0x5F,0x08,0x87,0x71,0x18,0x87,0x72,0x98,0x87,0x79,0x98,0x81,0x2C,0xEE,0xF0,0x0E,0xEE,0xE0,0x0E,0xF5,
0xC0,0x0E,0xEC,0x30,0x03,0x62,0xC8,0xA1,0x1C,0xE4,0xA1,0x1C,0xCC,0xA1,0x1C,0xE4,0xA1,0x1C,0xDC,0x61,0x1C,0xCA,0x21,0x1C,
0xC4,0x81,0x1D,0xCA,0x61,0x06,0xD6,0x90,0x43,0x39,0xC8,0x43,0x39,0x98,0x43,0x39,0xC8,0x43,0x39,0xB8,0xC3,0x38,0x94,0x43,
0x38,0x88,0x03,0x3B,0x94,0xC3,0x2F,0xBC,0x83,0x3C,0xFC,0x82,0x3B,0xD4,0x03,0x3B,0xB0,0xC3,0x0C,0xC4,0x21,0x07,0x7C,0x70,
0x03,0x7A,0x28,0x87,0x76,0x80,0x87,0x19,0xCA,0xC3,0x0E,0xEC,0x60,0x0F,0xED,0xE0,0x06,0xEC,0xF0,0x0E,0xEF,0x00,0x0F,0x33,
0x22,0x88,0x1C,0xF0,0xC1,0x0D,0xC8,0x41,0x1C,0xCE,0xC1,0x0D,0xEC,0x21,0x1C,0xE4,0x81,0x1D,0xC2,0x21,0x1F,0xDE,0xA1,0x1E,
0xE8,0x61,0x06,0x13,0x91,0x03,0x3E,0xB8,0x81,0x38,0xC8,0x43,0x39,0x84,0xC3,0x3A,0xB8,0x81,0x38,0xC8,0x03,0x00,0x00,0x00,
0x71,0x20,0x00,0x00,0x20,0x00,0x00,0x00,0x06,0x70,0xA4,0x11,0xF1,0x00,0x11,0x61,0x02,0xD0,0x70,0xF9,0xCE,0xE3,0x07,0x48,
0x03,0x44,0x98,0x8F,0xDC,0xB6,0x19,0x6C,0xC3,0xE5,0x3B,0x8F,0x2F,0x04,0x54,0x51,0x10,0x51,0xE9,0x00,0x43,0x49,0x18,0x80,
0x80,0xF9,0xC8,0x6D,0xDB,0x81,0x34,0x5C,0xBE,0xF3,0xF8,0x42,0x44,0x00,0x13,0x11,0x02,0xCD,0xB0,0x10,0x56,0xE0,0x0C,0x97,
0xEF,0x3C,0xFE,0xE0,0x4C,0xB7,0x5F,0xDC,0xB6,0x0D,0x54,0xC3,0xE5,0x3B,0x8F,0x3F,0x11,0xD7,0x44,0x45,0x44,0xE9,0x00,0x83,
0x5F,0xDC,0xB6,0x11,0x58,0xC3,0xE5,0x3B,0x8F,0x3F,0x11,0xD7,0x44,0x45,0x04,0x3B,0x39,0x11,0xE1,0x17,0xB7,0x6D,0x01,0xD2,
0x70,0xF9,0xCE,0xE3,0x4F,0x47,0x44,0x00,0x83,0x38,0xF8,0xC8,0x6D,0x03,0x00,0x00,0x61,0x20,0x00,0x00,0x46,0x01,0x00,0x00,
0x13,0x04,0x43,0x2C,0x10,0x00,0x00,0x00,0x10,0x00,0x00,0x00,0x34,0xCC,0x00,0x14,0x61,0x40,0xB9,0x15,0x54,0x19,0x94,0x5C,
0xE9,0x06,0x94,0x5D,0x0D,0x94,0x61,0x00,0x29,0xE5,0x51,0x04,0x23,0x00,0x25,0x40,0xC8,0x08,0xC0,0x18,0x01,0x08,0x82,0x20,
0xFE,0x8D,0x11,0x80,0x20,0x08,0xE2,0xDE,0x18,0x01,0xCE,0xDE,0x67,0xEE,0x8D,0x11,0xE4,0x7A,0xE9,0xCE,0xDF,0x18,0x01,0xEC,
0xB3,0x73,0xF9,0x01,0x23,0x06,0x09,0x00,0x82,0x60,0x70,0x85,0xC1,0x73,0x7C,0x1F,0x36,0x62,0x90,0x00,0x20,0x08,0x06,0x97,
0x18,0x40,0x09,0x18,0x80,0x41,0x36,0x62,0x90,0x00,0x20,0x08,0x06,0xD7,0x18,0x44,0x4B,0x18,0x84,0x81,0x36,0x62,0x60,0x00,
0x20,0x08,0x06,0x84,0x1A,0x44,0x62,0x30,0x62,0x60,0x00,0x20,0x08,0x06,0xC4,0x1A,0x48,0x64,0x30,0x62,0x70,0x00,0x20,0x08,
0x06,0xD4,0x19,0x48,0x03,0x19,0x8C,0x26,0x04,0x40,0x05,0x17,0x54,0x40,0x06,0x38,0x9A,0x40,0x04,0x15,0x68,0x50,0xC1,0x19,
0xE0,0x70,0x43,0x42,0x8C,0xC1,0x70,0x43,0x22,0x8C,0x41,0x09,0xC1,0xCE,0x32,0x08,0x41,0x30,0x62,0x70,0x00,0x20,0x08,0x06,
0x54,0x1C,0x70,0x8D,0x1B,0x8C,0x26,0x04,0x40,0x05,0x1D,0x8C,0x26,0x0C,0x41,0x05,0x1F,0x54,0x04,0x07,0x57,0x51,0x1C,0xDC,
0x88,0xC1,0x01,0x80,0x20,0x18,0x18,0x7C,0x70,0x06,0x42,0x31,0x62,0x70,0x00,0x20,0x08,0x06,0x46,0x1F,0xA0,0x81,0x40,0x8C,
0x18,0x34,0x00,0x08,0x82,0x41,0xD3,0x07,0x6B,0x70,0xDD,0x81,0x10,0xB0,0x01,0x1B,0xB0,0x01,0x1B,0x8C,0x26,0x04,0xC0,0x68,
0x82,0x10,0x8C,0x26,0x0C,0xC2,0x88,0xC1,0x02,0x80,0x20,0x18,0x44,0x7F,0xE0,0x06,0x83,0x10,0x74,0xDE,0x67,0x41,0x20,0x9F,
0x52,0xFC,0x60,0x47,0x0C,0x0E,0x00,0x04,0xC1,0xC0,0x28,0x05,0x38,0x08,0x9C,0x11,0x83,0x06,0x00,0x41,0x30,0x68,0x4A,0x61,
0x0E,0xBE,0x3F,0x08,0x12,0x3A,0xA0,0x03,0x3A,0xA0,0x83,0xD1,0x84,0x00,0x18,0x4D,0x10,0x82,0xD1,0x84,0x41,0x18,0x31,0x58,
0x00,0x10,0x04,0x83,0xE8,0x14,0xEC,0x60,0x10,0x82,0x32,0x30,0x83,0x33,0xB0,0x20,0x81,0x8F,0x09,0x82,0x7C,0x2C,0x50,0xE0,
0x53,0x14,0x29,0xEC,0x88,0xC1,0x01,0x80,0x20,0x18,0x18,0xAF,0xA0,0x07,0x01,0x36,0x62,0xD0,0x00,0x20,0x08,0x06,0xCD,0x2B,
0xF4,0x41,0x1A,0xA4,0x42,0x30,0xF9,0x81,0x1F,0xF8,0x81,0x1F,0x8C,0x26,0x04,0xC0,0x68,0x82,0x10,0x8C,0x26,0x0C,0xC2,0x88,
0xC1,0x02,0x80,0x20,0x18,0x44,0xB1,0x00,0x0A,0x83,0x10,0xBC,0x01,0x1C,0xC4,0x81,0x29,0x01,0x7C,0x4C,0x10,0xE4,0x63,0x4A,
0x00,0x9F,0xF2,0x44,0x61,0x47,0x0C,0x0E,0x00,0x04,0xC1,0xC0,0xC8,0x05,0x52,0x08,0xC4,0x60,0xC4,0xA0,0x01,0x40,0x10,0x0C,
0x9A,0x5C,0x38,0x85,0x39,0x98,0x85,0xA0,0x43,0x05,0x54,0x40,0x05,0x54,0x18,0x4D,0x08,0x80,0xD1,0x04,0x21,0x18,0x4D,0x18,
0x84,0x11,0x83,0x05,0x00,0x41,0x30,0x88,0x76,0x41,0x15,0x06,0x21,0xC8,0x03,0x3D,0xD8,0x03,0x53,0x02,0xF8,0x98,0x20,0xC8,
0xC7,0x94,0x00,0x3E,0x75,0x06,0xBC,0xB0,0x23,0x06,0x07,0x00,0x82,0x60,0x60,0x8C,0x83,0x2B,0x04,0x6A,0x30,0x62,0xD0,0x00,
0x20,0x08,0x06,0xCD,0x38,0xC4,0x42,0x1F,0xF4,0x02,0x1A,0x04,0xB2,0x20,0x0B,0xB2,0x20,0x0B,0xA3,0x09,0x01,0x30,0x9A,0x20,
0x04,0xA3,0x09,0x83,0x30,0x62,0xB0,0x00,0x20,0x08,0x06,0x51,0x39,0xD0,0xC2,0x20,0x04,0xA3,0x40,0x0A,0xA5,0x60,0x4A,0x00,
0x1F,0x13,0x04,0xF9,0x98,0x12,0xC0,0x67,0xC4,0xA0,0x01,0x40,0x10,0x0C,0x9A,0x75,0xC8,0x85,0x52,0x28,0x87,0x33,0x48,0x74,
0x41,0x17,0x74,0x41,0x17,0x46,0x13,0x02,0x60,0x34,0x41,0x08,0x46,0x13,0x06,0x61,0xC4,0x60,0x01,0x40,0x10,0x0C,0xA2,0x76,
0xE0,0x85,0x41,0x08,0x56,0x81,0x15,0x5A,0xC1,0x90,0x00,0x3E,0x26,0x08,0xF2,0x31,0x24,0x80,0xCF,0x88,0x41,0x03,0x80,0x20,
0x18,0x34,0xF3,0x10,0x0E,0xAD,0xD0,0x0E,0x65,0x10,0x89,0x83,0x38,0x88,0x83,0x38,0x8C,0x26,0x04,0xC0,0x68,0x82,0x10,0x8C,
0x26,0x0C,0xC2,0x88,0xC1,0x02,0x80,0x20,0x18,0x44,0xF5,0x40,0x0E,0x83,0x10,0xCC,0x02,0x2D,0xD4,0x82,0x21,0x01,0x7C,0x4C,
0x10,0xE4,0x63,0x48,0x00,0x9F,0x11,0x83,0x06,0x00,0x41,0x30,0x68,0xF6,0x21,0x1D,0x6A,0xA1,0x1E,0xC6,0x20,0x53,0x07,0x75,
0x50,0x07,0x75,0x18,0x4D,0x08,0x80,0xD1,0x04,0x21,0x18,0x4D,0x18,0x84,0x11,0x83,0x05,0x00,0x41,0x30,0x88,0xFA,0x81,0x1D,
0x06,0x21,0xD8,0x05,0x5E,0xE8,0x05,0x43,0x02,0xF8,0x98,0x20,0xC8,0xC7,0x90,0x00,0x3E,0x95,0x0A,0xFA,0xB0,0x23,0x06,0x07,
0x00,0x82,0x60,0x60,0x94,0x04,0x3C,0x04,0xAC,0x30,0x62,0xD0,0x00,0x20,0x08,0x06,0x4D,0x49,0xCC,0xC3,0x2F,0xFC,0x83,0x2A,
0x04,0xF4,0x40,0x0F,0xF4,0x40,0x0F,0xA3,0x09,0x01,0x30,0x9A,0x20,0x04,0xA3,0x09,0x83,0x30,0x62,0xB0,0x00,0x20,0x08,0x06,
0xD1,0x49,0xD8,0xC3,0x20,0x04,0xE5,0x60,0x0E,0xE7,0x60,0x4A,0x00,0x1F,0x13,0x04,0xF9,0x98,0x12,0xC0,0x67,0xC4,0xA0,0x01,
0x40,0x10,0x0C,0x9A,0x96,0xD8,0x87,0x73,0x38,0x89,0x54,0x48,0xF8,0x81,0x1F,0xF8,0x81,0x1F,0x46,0x13,0x02,0x60,0x34,0x41,
0x08,0x46,0x13,0x06,0x61,0xC4,0x60,0x01,0x40,0x10,0x0C,0xA2,0x97,0xF0,0x87,0x41,0x08,0xDA,0xC1,0x1D,0xDE,0xC1,0x90,0x00,
0x3E,0x26,0x08,0xF2,0x31,0x24,0x80,0xCF,0x88,0x41,0x03,0x80,0x20,0x18,0x34,0x35,0x31,0x12,0xEF,0xF0,0x12,0xA7,0x10,0x91,
0x04,0x49,0x90,0x04,0x49,0x8C,0x26,0x04,0xC0,0x68,0x82,0x10,0x8C,0x26,0x0C,0xC2,0x88,0xC1,0x02,0x80,0x20,0x18,0x44,0x37,
0x61,0x12,0x83,0x10,0xD4,0x83,0x3D,0xDC,0x83,0x21,0x01,0x7C,0x4C,0x10,0xE4,0x63,0x48,0x00,0x9F,0x11,0x83,0x06,0x00,0x41,
0x30,0x68,0x7A,0x62,0x25,0xEE,0xE1,0x26,0x4A,0x21,0x63,0x09,0x96,0x60,0x09,0x96,0x18,0x4D,0x08,0x80,0xD1,0x04,0x21,0x18,
0x4D,0x18,0x84,0x11,0x83,0x05,0x00,0x41,0x30,0x88,0x7E,0xC2,0x25,0x06,0x21,0xE8,0x07,0x7F,0xF8,0x07,0x43,0x02,0xF8,0x98,
0x20,0xC8,0xC7,0x90,0x00,0x3E,0xB5,0x0E,0x30,0xB1,0x23,0x06,0x07,0x00,0x82,0x60,0x60,0x9C,0x85,0x4C,0x04,0xEE,0x30,0x62,
0xD0,0x00,0x20,0x08,0x06,0xCD,0x59,0xD4,0x44,0x48,0x84,0x05,0x3B,0x04,0x36,0x61,0x13,0x36,0x61,0x13,0xA3,0x09,0x01,0x30,
0x9A,0x20,0x04,0xA3,0x09,0x83,0x30,0x62,0xB0,0x00,0x20,0x08,0x06,0x51,0x5A,0xE0,0xC4,0x20,0x04,0x27,0x81,0x12,0x29,0x61,
0x4A,0x00,0x1F,0x13,0x04,0xF9,0x98,0x12,0xC0,0x67,0xC4,0xA0,0x01,0x40,0x10,0x0C,0x9A,0xB7,0xE8,0x89,0x94,0x48,0x8B,0x75,
0x48,0x7C,0xC2,0x27,0x7C,0xC2,0x27,0x46,0x13,0x02,0x60,0x34,0x41,0x08,0x46,0x13,0x06,0x61,0xC4,0x60,0x01,0x40,0x10,0x0C,
0xA2,0xB8,0x00,0x8B,0x41,0x08,0x5E,0x02,0x26,0x62,0xC2,0x90,0x00,0x3E,0x26,0x08,0xF2,0x31,0x24,0x80,0xCF,0x88,0x41,0x03,
0x80,0x20,0x18,0x34,0x77,0x51,0x16,0x31,0x11,0x17,0xE9,0x10,0x99,0x85,0x59,0x98,0x85,0x59,0x8C,0x26,0x04,0xC0,0x68,0x82,
0x10,0x8C,0x26,0x0C,0xC2,0x88,0xC1,0x02,0x80,0x20,0x18,0x44,0x79,0x81,0x16,0x83,0x10,0xDC,0x04,0x4E,0xE4,0x84,0x21,0x01,
0x7C,0x4C,0x10,0xE4,0x63,0x48,0x00,0x9F,0x11,0x83,0x06,0x00,0x41,0x30,0x68,0xFE,0xA2,0x2D,0x72,0x22,0x2F,0xCE,0x21,0x73,
0x0B,0xB7,0x70,0x0B,0xB7,0x18,0x4D,0x08,0x80,0xD1,0x04,0x21,0x18,0x4D,0x18,0x84,0x11,0x83,0x05,0x00,0x41,0x30,0x88,0x42,
0x03,0x2E,0x06,0x21,0xF8,0x09,0xB0,0x08,0x0B,0x43,0x02,0xF8,0x98,0x20,0xC8,0xC7,0x90,0x00,0x3E,0x36,0x98,0x85,0x7C,0x4C,
0x38,0x0B,0xF9,0x8C,0x18,0x38,0x00,0x08,0x82,0xC1,0x83,0x1A,0x6F,0x41,0x16,0x61,0x01,0x16,0x78,0x21,0x04,0x6A,0x91,0x16,
0x6E,0x31,0x4B,0x20,0x20,0x00,0x00,0x00,0x00,0x00,0x00,0x00
};
alignas(4) inline constexpr unsigned char Prepare_spirv[] = {
0x03,0x02,0x23,0x07,0x00,0x03,0x01,0x00,0x00,0x00,0x0E,0x00,0x34,0x01,0x00,0x00,0x00,0x00,0x00,0x00,0x11,0x00,0x02,0x00,
0x01,0x00,0x00,0x00,0x11,0x00,0x02,0x00,0x31,0x00,0x00,0x00,0x0B,0x00,0x06,0x00,0x01,0x00,0x00,0x00,0x47,0x4C,0x53,0x4C,
0x2E,0x73,0x74,0x64,0x2E,0x34,0x35,0x30,0x00,0x00,0x00,0x00,0x0E,0x00,0x03,0x00,0x00,0x00,0x00,0x00,0x01,0x00,0x00,0x00,
0x0F,0x00,0x06,0x00,0x05,0x00,0x00,0x00,0x02,0x00,0x00,0x00,0x50,0x72,0x65,0x70,0x61,0x72,0x65,0x00,0x03,0x00,0x00,0x00,
0x10,0x00,0x06,0x00,0x02,0x00,0x00,0x00,0x11,0x00,0x00,0x00,0x08,0x00,0x00,0x00,0x08,0x00,0x00,0x00,0x01,0x00,0x00,0x00,
0x03,0x00,0x03,0x00,0x05,0x00,0x00,0x00,0x58,0x02,0x00,0x00,0x05,0x00,0x0A,0x00,0x04,0x00,0x00,0x00,0x74,0x79,0x70,0x65,
0x2E,0x43,0x6F,0x6E,0x73,0x74,0x61,0x6E,0x74,0x42,0x75,0x66,0x66,0x65,0x72,0x2E,0x46,0x72,0x61,0x6D,0x65,0x44,0x61,0x74,
0x61,0x00,0x00,0x00,0x06,0x00,0x05,0x00,0x04,0x00,0x00,0x00,0x00,0x00,0x00,0x00,0x77,0x69,0x64,0x74,0x68,0x00,0x00,0x00,
0x06,0x00,0x05,0x00,0x04,0x00,0x00,0x00,0x01,0x00,0x00,0x00,0x68,0x65,0x69,0x67,0x68,0x74,0x00,0x00,0x06,0x00,0x05,0x00,
0x04,0x00,0x00,0x00,0x02,0x00,0x00,0x00,0x77,0x61,0x72,0x6D,0x00,0x00,0x00,0x00,0x06,0x00,0x06,0x00,0x04,0x00,0x00,0x00,
0x03,0x00,0x00,0x00,0x72,0x65,0x76,0x65,0x72,0x73,0x65,0x64,0x00,0x00,0x00,0x00,0x06,0x00,0x06,0x00,0x04,0x00,0x00,0x00,
0x04,0x00,0x00,0x00,0x6C,0x6F,0x67,0x61,0x72,0x69,0x74,0x68,0x6D,0x69,0x63,0x00,0x06,0x00,0x07,0x00,0x04,0x00,0x00,0x00,
0x05,0x00,0x00,0x00,0x64,0x65,0x70,0x74,0x68,0x4D,0x75,0x6C,0x74,0x69,0x70,0x6C,0x69,0x65,0x72,0x00,0x06,0x00,0x05,0x00,
0x04,0x00,0x00,0x00,0x06,0x00,0x00,0x00,0x70,0x61,0x64,0x30,0x00,0x00,0x00,0x00,0x06,0x00,0x05,0x00,0x04,0x00,0x00,0x00,
0x07,0x00,0x00,0x00,0x70,0x61,0x64,0x31,0x00,0x00,0x00,0x00,0x05,0x00,0x04,0x00,0x05,0x00,0x00,0x00,0x66,0x72,0x61,0x6D,
0x65,0x00,0x00,0x00,0x05,0x00,0x06,0x00,0x06,0x00,0x00,0x00,0x74,0x79,0x70,0x65,0x2E,0x32,0x64,0x2E,0x69,0x6D,0x61,0x67,
0x65,0x00,0x00,0x00,0x05,0x00,0x04,0x00,0x07,0x00,0x00,0x00,0x70,0x69,0x63,0x74,0x75,0x72,0x65,0x00,0x05,0x00,0x06,0x00,
0x08,0x00,0x00,0x00,0x74,0x79,0x70,0x65,0x2E,0x32,0x64,0x2E,0x69,0x6D,0x61,0x67,0x65,0x00,0x00,0x00,0x05,0x00,0x04,0x00,
0x09,0x00,0x00,0x00,0x6E,0x65,0x78,0x74,0x00,0x00,0x00,0x00,0x05,0x00,0x04,0x00,0x02,0x00,0x00,0x00,0x50,0x72,0x65,0x70,
0x61,0x72,0x65,0x00,0x47,0x00,0x04,0x00,0x03,0x00,0x00,0x00,0x0B,0x00,0x00,0x00,0x1C,0x00,0x00,0x00,0x47,0x00,0x04,0x00,
0x07,0x00,0x00,0x00,0x22,0x00,0x00,0x00,0x00,0x00,0x00,0x00,0x47,0x00,0x04,0x00,0x07,0x00,0x00,0x00,0x21,0x00,0x00,0x00,
0x00,0x00,0x00,0x00,0x47,0x00,0x04,0x00,0x09,0x00,0x00,0x00,0x22,0x00,0x00,0x00,0x00,0x00,0x00,0x00,0x47,0x00,0x04,0x00,
0x09,0x00,0x00,0x00,0x21,0x00,0x00,0x00,0x05,0x00,0x00,0x00,0x48,0x00,0x05,0x00,0x04,0x00,0x00,0x00,0x00,0x00,0x00,0x00,
0x23,0x00,0x00,0x00,0x00,0x00,0x00,0x00,0x48,0x00,0x05,0x00,0x04,0x00,0x00,0x00,0x01,0x00,0x00,0x00,0x23,0x00,0x00,0x00,
0x04,0x00,0x00,0x00,0x48,0x00,0x05,0x00,0x04,0x00,0x00,0x00,0x02,0x00,0x00,0x00,0x23,0x00,0x00,0x00,0x08,0x00,0x00,0x00,
0x48,0x00,0x05,0x00,0x04,0x00,0x00,0x00,0x03,0x00,0x00,0x00,0x23,0x00,0x00,0x00,0x0C,0x00,0x00,0x00,0x48,0x00,0x05,0x00,
0x04,0x00,0x00,0x00,0x04,0x00,0x00,0x00,0x23,0x00,0x00,0x00,0x10,0x00,0x00,0x00,0x48,0x00,0x05,0x00,0x04,0x00,0x00,0x00,
0x05,0x00,0x00,0x00,0x23,0x00,0x00,0x00,0x14,0x00,0x00,0x00,0x48,0x00,0x05,0x00,0x04,0x00,0x00,0x00,0x06,0x00,0x00,0x00,
0x23,0x00,0x00,0x00,0x18,0x00,0x00,0x00,0x48,0x00,0x05,0x00,0x04,0x00,0x00,0x00,0x07,0x00,0x00,0x00,0x23,0x00,0x00,0x00,
0x1C,0x00,0x00,0x00,0x47,0x00,0x03,0x00,0x04,0x00,0x00,0x00,0x02,0x00,0x00,0x00,0x16,0x00,0x03,0x00,0x0A,0x00,0x00,0x00,
0x20,0x00,0x00,0x00,0x2B,0x00,0x04,0x00,0x0A,0x00,0x00,0x00,0x0B,0x00,0x00,0x00,0x00,0x00,0x00,0x00,0x15,0x00,0x04,0x00,
0x0C,0x00,0x00,0x00,0x20,0x00,0x00,0x00,0x00,0x00,0x00,0x00,0x2B,0x00,0x04,0x00,0x0C,0x00,0x00,0x00,0x0D,0x00,0x00,0x00,
0x00,0x00,0x00,0x00,0x2B,0x00,0x04,0x00,0x0C,0x00,0x00,0x00,0x0E,0x00,0x00,0x00,0x04,0x00,0x00,0x00,0x17,0x00,0x04,0x00,
0x0F,0x00,0x00,0x00,0x0C,0x00,0x00,0x00,0x02,0x00,0x00,0x00,0x2C,0x00,0x05,0x00,0x0F,0x00,0x00,0x00,0x10,0x00,0x00,0x00,
0x0E,0x00,0x00,0x00,0x0E,0x00,0x00,0x00,0x15,0x00,0x04,0x00,0x11,0x00,0x00,0x00,0x20,0x00,0x00,0x00,0x01,0x00,0x00,0x00,
0x2B,0x00,0x04,0x00,0x11,0x00,0x00,0x00,0x12,0x00,0x00,0x00,0x00,0x00,0x00,0x00,0x2B,0x00,0x04,0x00,0x0C,0x00,0x00,0x00,
0x13,0x00,0x00,0x00,0x01,0x00,0x00,0x00,0x2B,0x00,0x04,0x00,0x11,0x00,0x00,0x00,0x14,0x00,0x00,0x00,0x01,0x00,0x00,0x00,
0x2B,0x00,0x04,0x00,0x0A,0x00,0x00,0x00,0x15,0x00,0x00,0x00,0x00,0x00,0x80,0x3F,0x2B,0x00,0x04,0x00,0x0C,0x00,0x00,0x00,
0x16,0x00,0x00,0x00,0x03,0x00,0x00,0x00,0x2B,0x00,0x04,0x00,0x0A,0x00,0x00,0x00,0x17,0x00,0x00,0x00,0xD0,0xB3,0x59,0x3E,
0x2B,0x00,0x04,0x00,0x0A,0x00,0x00,0x00,0x18,0x00,0x00,0x00,0x59,0x17,0x37,0x3F,0x2B,0x00,0x04,0x00,0x0A,0x00,0x00,0x00,
0x19,0x00,0x00,0x00,0x98,0xDD,0x93,0x3D,0x17,0x00,0x04,0x00,0x1A,0x00,0x00,0x00,0x0A,0x00,0x00,0x00,0x03,0x00,0x00,0x00,
0x2C,0x00,0x06,0x00,0x1A,0x00,0x00,0x00,0x1B,0x00,0x00,0x00,0x17,0x00,0x00,0x00,0x18,0x00,0x00,0x00,0x19,0x00,0x00,0x00,
0x1E,0x00,0x0A,0x00,0x04,0x00,0x00,0x00,0x0C,0x00,0x00,0x00,0x0C,0x00,0x00,0x00,0x0C,0x00,0x00,0x00,0x0C,0x00,0x00,0x00,
0x0C,0x00,0x00,0x00,0x0A,0x00,0x00,0x00,0x0C,0x00,0x00,0x00,0x0C,0x00,0x00,0x00,0x20,0x00,0x04,0x00,0x1C,0x00,0x00,0x00,
0x09,0x00,0x00,0x00,0x04,0x00,0x00,0x00,0x19,0x00,0x09,0x00,0x06,0x00,0x00,0x00,0x0A,0x00,0x00,0x00,0x01,0x00,0x00,0x00,
0x02,0x00,0x00,0x00,0x00,0x00,0x00,0x00,0x00,0x00,0x00,0x00,0x01,0x00,0x00,0x00,0x00,0x00,0x00,0x00,0x20,0x00,0x04,0x00,
0x1D,0x00,0x00,0x00,0x00,0x00,0x00,0x00,0x06,0x00,0x00,0x00,0x19,0x00,0x09,0x00,0x08,0x00,0x00,0x00,0x0A,0x00,0x00,0x00,
0x01,0x00,0x00,0x00,0x02,0x00,0x00,0x00,0x00,0x00,0x00,0x00,0x00,0x00,0x00,0x00,0x02,0x00,0x00,0x00,0x02,0x00,0x00,0x00,
0x20,0x00,0x04,0x00,0x1E,0x00,0x00,0x00,0x00,0x00,0x00,0x00,0x08,0x00,0x00,0x00,0x17,0x00,0x04,0x00,0x1F,0x00,0x00,0x00,
0x0C,0x00,0x00,0x00,0x03,0x00,0x00,0x00,0x20,0x00,0x04,0x00,0x20,0x00,0x00,0x00,0x01,0x00,0x00,0x00,0x1F,0x00,0x00,0x00,
0x13,0x00,0x02,0x00,0x21,0x00,0x00,0x00,0x21,0x00,0x03,0x00,0x22,0x00,0x00,0x00,0x21,0x00,0x00,0x00,0x17,0x00,0x04,0x00,
0x23,0x00,0x00,0x00,0x11,0x00,0x00,0x00,0x02,0x00,0x00,0x00,0x14,0x00,0x02,0x00,0x24,0x00,0x00,0x00,0x17,0x00,0x04,0x00,
0x25,0x00,0x00,0x00,0x24,0x00,0x00,0x00,0x02,0x00,0x00,0x00,0x20,0x00,0x04,0x00,0x26,0x00,0x00,0x00,0x09,0x00,0x00,0x00,
0x0C,0x00,0x00,0x00,0x17,0x00,0x04,0x00,0x27,0x00,0x00,0x00,0x11,0x00,0x00,0x00,0x03,0x00,0x00,0x00,0x17,0x00,0x04,0x00,
0x28,0x00,0x00,0x00,0x0A,0x00,0x00,0x00,0x04,0x00,0x00,0x00,0x3B,0x00,0x04,0x00,0x1C,0x00,0x00,0x00,0x05,0x00,0x00,0x00,
0x09,0x00,0x00,0x00,0x3B,0x00,0x04,0x00,0x1D,0x00,0x00,0x00,0x07,0x00,0x00,0x00,0x00,0x00,0x00,0x00,0x3B,0x00,0x04,0x00,
0x1E,0x00,0x00,0x00,0x09,0x00,0x00,0x00,0x00,0x00,0x00,0x00,0x3B,0x00,0x04,0x00,0x20,0x00,0x00,0x00,0x03,0x00,0x00,0x00,
0x01,0x00,0x00,0x00,0x2C,0x00,0x05,0x00,0x0F,0x00,0x00,0x00,0x29,0x00,0x00,0x00,0x13,0x00,0x00,0x00,0x0D,0x00,0x00,0x00,
0x2B,0x00,0x04,0x00,0x0C,0x00,0x00,0x00,0x2A,0x00,0x00,0x00,0x02,0x00,0x00,0x00,0x2C,0x00,0x05,0x00,0x0F,0x00,0x00,0x00,
0x2B,0x00,0x00,0x00,0x2A,0x00,0x00,0x00,0x0D,0x00,0x00,0x00,0x2C,0x00,0x05,0x00,0x0F,0x00,0x00,0x00,0x2C,0x00,0x00,0x00,
0x16,0x00,0x00,0x00,0x0D,0x00,0x00,0x00,0x2C,0x00,0x05,0x00,0x0F,0x00,0x00,0x00,0x2D,0x00,0x00,0x00,0x0D,0x00,0x00,0x00,
0x13,0x00,0x00,0x00,0x2C,0x00,0x05,0x00,0x0F,0x00,0x00,0x00,0x2E,0x00,0x00,0x00,0x13,0x00,0x00,0x00,0x13,0x00,0x00,0x00,
0x2C,0x00,0x05,0x00,0x0F,0x00,0x00,0x00,0x2F,0x00,0x00,0x00,0x2A,0x00,0x00,0x00,0x13,0x00,0x00,0x00,0x2C,0x00,0x05,0x00,
0x0F,0x00,0x00,0x00,0x30,0x00,0x00,0x00,0x16,0x00,0x00,0x00,0x13,0x00,0x00,0x00,0x2C,0x00,0x05,0x00,0x0F,0x00,0x00,0x00,
0x31,0x00,0x00,0x00,0x0D,0x00,0x00,0x00,0x2A,0x00,0x00,0x00,0x2C,0x00,0x05,0x00,0x0F,0x00,0x00,0x00,0x32,0x00,0x00,0x00,
0x13,0x00,0x00,0x00,0x2A,0x00,0x00,0x00,0x2C,0x00,0x05,0x00,0x0F,0x00,0x00,0x00,0x33,0x00,0x00,0x00,0x2A,0x00,0x00,0x00,
0x2A,0x00,0x00,0x00,0x2C,0x00,0x05,0x00,0x0F,0x00,0x00,0x00,0x34,0x00,0x00,0x00,0x16,0x00,0x00,0x00,0x2A,0x00,0x00,0x00,
0x2C,0x00,0x05,0x00,0x0F,0x00,0x00,0x00,0x35,0x00,0x00,0x00,0x0D,0x00,0x00,0x00,0x16,0x00,0x00,0x00,0x2C,0x00,0x05,0x00,
0x0F,0x00,0x00,0x00,0x36,0x00,0x00,0x00,0x13,0x00,0x00,0x00,0x16,0x00,0x00,0x00,0x2C,0x00,0x05,0x00,0x0F,0x00,0x00,0x00,
0x37,0x00,0x00,0x00,0x2A,0x00,0x00,0x00,0x16,0x00,0x00,0x00,0x2C,0x00,0x05,0x00,0x0F,0x00,0x00,0x00,0x38,0x00,0x00,0x00,
0x16,0x00,0x00,0x00,0x16,0x00,0x00,0x00,0x2B,0x00,0x04,0x00,0x0A,0x00,0x00,0x00,0x39,0x00,0x00,0x00,0x00,0x00,0x80,0x3D,
0x36,0x00,0x05,0x00,0x21,0x00,0x00,0x00,0x02,0x00,0x00,0x00,0x00,0x00,0x00,0x00,0x22,0x00,0x00,0x00,0xF8,0x00,0x02,0x00,
0x3A,0x00,0x00,0x00,0x3D,0x00,0x04,0x00,0x1F,0x00,0x00,0x00,0x3B,0x00,0x00,0x00,0x03,0x00,0x00,0x00,0xF7,0x00,0x03,0x00,
0x3C,0x00,0x00,0x00,0x00,0x00,0x00,0x00,0xFB,0x00,0x03,0x00,0x0D,0x00,0x00,0x00,0x3D,0x00,0x00,0x00,0xF8,0x00,0x02,0x00,
0x3D,0x00,0x00,0x00,0x4F,0x00,0x07,0x00,0x0F,0x00,0x00,0x00,0x3E,0x00,0x00,0x00,0x3B,0x00,0x00,0x00,0x3B,0x00,0x00,0x00,
0x00,0x00,0x00,0x00,0x01,0x00,0x00,0x00,0x41,0x00,0x05,0x00,0x26,0x00,0x00,0x00,0x3F,0x00,0x00,0x00,0x05,0x00,0x00,0x00,
0x12,0x00,0x00,0x00,0x3D,0x00,0x04,0x00,0x0C,0x00,0x00,0x00,0x40,0x00,0x00,0x00,0x3F,0x00,0x00,0x00,0x80,0x00,0x05,0x00,
0x0C,0x00,0x00,0x00,0x41,0x00,0x00,0x00,0x40,0x00,0x00,0x00,0x16,0x00,0x00,0x00,0x86,0x00,0x05,0x00,0x0C,0x00,0x00,0x00,
0x42,0x00,0x00,0x00,0x41,0x00,0x00,0x00,0x0E,0x00,0x00,0x00,0x7C,0x00,0x04,0x00,0x11,0x00,0x00,0x00,0x43,0x00,0x00,0x00,
0x42,0x00,0x00,0x00,0x41,0x00,0x05,0x00,0x26,0x00,0x00,0x00,0x44,0x00,0x00,0x00,0x05,0x00,0x00,0x00,0x14,0x00,0x00,0x00,
0x3D,0x00,0x04,0x00,0x0C,0x00,0x00,0x00,0x45,0x00,0x00,0x00,0x44,0x00,0x00,0x00,0x80,0x00,0x05,0x00,0x0C,0x00,0x00,0x00,
0x46,0x00,0x00,0x00,0x45,0x00,0x00,0x00,0x16,0x00,0x00,0x00,0x86,0x00,0x05,0x00,0x0C,0x00,0x00,0x00,0x47,0x00,0x00,0x00,
0x46,0x00,0x00,0x00,0x0E,0x00,0x00,0x00,0x7C,0x00,0x04,0x00,0x11,0x00,0x00,0x00,0x48,0x00,0x00,0x00,0x47,0x00,0x00,0x00,
0x50,0x00,0x05,0x00,0x23,0x00,0x00,0x00,0x49,0x00,0x00,0x00,0x43,0x00,0x00,0x00,0x48,0x00,0x00,0x00,0x7C,0x00,0x04,0x00,
0x0F,0x00,0x00,0x00,0x4A,0x00,0x00,0x00,0x49,0x00,0x00,0x00,0xAE,0x00,0x05,0x00,0x25,0x00,0x00,0x00,0x4B,0x00,0x00,0x00,
0x3E,0x00,0x00,0x00,0x4A,0x00,0x00,0x00,0x9A,0x00,0x04,0x00,0x24,0x00,0x00,0x00,0x4C,0x00,0x00,0x00,0x4B,0x00,0x00,0x00,
0xF7,0x00,0x03,0x00,0x4D,0x00,0x00,0x00,0x00,0x00,0x00,0x00,0xFA,0x00,0x04,0x00,0x4C,0x00,0x00,0x00,0x4E,0x00,0x00,0x00,
0x4D,0x00,0x00,0x00,0xF8,0x00,0x02,0x00,0x4E,0x00,0x00,0x00,0xF9,0x00,0x02,0x00,0x3C,0x00,0x00,0x00,0xF8,0x00,0x02,0x00,
0x4D,0x00,0x00,0x00,0x84,0x00,0x05,0x00,0x0F,0x00,0x00,0x00,0x4F,0x00,0x00,0x00,0x3E,0x00,0x00,0x00,0x10,0x00,0x00,0x00,
0x82,0x00,0x05,0x00,0x0C,0x00,0x00,0x00,0x50,0x00,0x00,0x00,0x40,0x00,0x00,0x00,0x13,0x00,0x00,0x00,0x82,0x00,0x05,0x00,
0x0C,0x00,0x00,0x00,0x51,0x00,0x00,0x00,0x45,0x00,0x00,0x00,0x13,0x00,0x00,0x00,0x50,0x00,0x05,0x00,0x0F,0x00,0x00,0x00,
0x52,0x00,0x00,0x00,0x50,0x00,0x00,0x00,0x51,0x00,0x00,0x00,0x0C,0x00,0x07,0x00,0x0F,0x00,0x00,0x00,0x53,0x00,0x00,0x00,
0x01,0x00,0x00,0x00,0x26,0x00,0x00,0x00,0x4F,0x00,0x00,0x00,0x52,0x00,0x00,0x00,0x7C,0x00,0x04,0x00,0x23,0x00,0x00,0x00,
0x54,0x00,0x00,0x00,0x53,0x00,0x00,0x00,0x51,0x00,0x05,0x00,0x11,0x00,0x00,0x00,0x55,0x00,0x00,0x00,0x54,0x00,0x00,0x00,
0x00,0x00,0x00,0x00,0x51,0x00,0x05,0x00,0x11,0x00,0x00,0x00,0x56,0x00,0x00,0x00,0x54,0x00,0x00,0x00,0x01,0x00,0x00,0x00,
0x50,0x00,0x06,0x00,0x27,0x00,0x00,0x00,0x57,0x00,0x00,0x00,0x55,0x00,0x00,0x00,0x56,0x00,0x00,0x00,0x12,0x00,0x00,0x00,
0x4F,0x00,0x07,0x00,0x23,0x00,0x00,0x00,0x58,0x00,0x00,0x00,0x57,0x00,0x00,0x00,0x57,0x00,0x00,0x00,0x00,0x00,0x00,0x00,
0x01,0x00,0x00,0x00,0x3D,0x00,0x04,0x00,0x06,0x00,0x00,0x00,0x59,0x00,0x00,0x00,0x07,0x00,0x00,0x00,0x5F,0x00,0x07,0x00,
0x28,0x00,0x00,0x00,0x5A,0x00,0x00,0x00,0x59,0x00,0x00,0x00,0x58,0x00,0x00,0x00,0x02,0x00,0x00,0x00,0x12,0x00,0x00,0x00,
0x4F,0x00,0x08,0x00,0x1A,0x00,0x00,0x00,0x5B,0x00,0x00,0x00,0x5A,0x00,0x00,0x00,0x5A,0x00,0x00,0x00,0x00,0x00,0x00,0x00,
0x01,0x00,0x00,0x00,0x02,0x00,0x00,0x00,0x94,0x00,0x05,0x00,0x0A,0x00,0x00,0x00,0x5C,0x00,0x00,0x00,0x5B,0x00,0x00,0x00,
0x1B,0x00,0x00,0x00,0x85,0x00,0x05,0x00,0x0A,0x00,0x00,0x00,0x5D,0x00,0x00,0x00,0x5C,0x00,0x00,0x00,0x5C,0x00,0x00,0x00,
0x80,0x00,0x05,0x00,0x0F,0x00,0x00,0x00,0x5E,0x00,0x00,0x00,0x4F,0x00,0x00,0x00,0x29,0x00,0x00,0x00,0x0C,0x00,0x07,0x00,
0x0F,0x00,0x00,0x00,0x5F,0x00,0x00,0x00,0x01,0x00,0x00,0x00,0x26,0x00,0x00,0x00,0x5E,0x00,0x00,0x00,0x52,0x00,0x00,0x00,
0x7C,0x00,0x04,0x00,0x23,0x00,0x00,0x00,0x60,0x00,0x00,0x00,0x5F,0x00,0x00,0x00,0x51,0x00,0x05,0x00,0x11,0x00,0x00,0x00,
0x61,0x00,0x00,0x00,0x60,0x00,0x00,0x00,0x00,0x00,0x00,0x00,0x51,0x00,0x05,0x00,0x11,0x00,0x00,0x00,0x62,0x00,0x00,0x00,
0x60,0x00,0x00,0x00,0x01,0x00,0x00,0x00,0x50,0x00,0x06,0x00,0x27,0x00,0x00,0x00,0x63,0x00,0x00,0x00,0x61,0x00,0x00,0x00,
0x62,0x00,0x00,0x00,0x12,0x00,0x00,0x00,0x4F,0x00,0x07,0x00,0x23,0x00,0x00,0x00,0x64,0x00,0x00,0x00,0x63,0x00,0x00,0x00,
0x63,0x00,0x00,0x00,0x00,0x00,0x00,0x00,0x01,0x00,0x00,0x00,0x3D,0x00,0x04,0x00,0x06,0x00,0x00,0x00,0x65,0x00,0x00,0x00,
0x07,0x00,0x00,0x00,0x5F,0x00,0x07,0x00,0x28,0x00,0x00,0x00,0x66,0x00,0x00,0x00,0x65,0x00,0x00,0x00,0x64,0x00,0x00,0x00,
0x02,0x00,0x00,0x00,0x12,0x00,0x00,0x00,0x4F,0x00,0x08,0x00,0x1A,0x00,0x00,0x00,0x67,0x00,0x00,0x00,0x66,0x00,0x00,0x00,
0x66,0x00,0x00,0x00,0x00,0x00,0x00,0x00,0x01,0x00,0x00,0x00,0x02,0x00,0x00,0x00,0x94,0x00,0x05,0x00,0x0A,0x00,0x00,0x00,
0x68,0x00,0x00,0x00,0x67,0x00,0x00,0x00,0x1B,0x00,0x00,0x00,0x81,0x00,0x05,0x00,0x0A,0x00,0x00,0x00,0x69,0x00,0x00,0x00,
0x5C,0x00,0x00,0x00,0x68,0x00,0x00,0x00,0x85,0x00,0x05,0x00,0x0A,0x00,0x00,0x00,0x6A,0x00,0x00,0x00,0x68,0x00,0x00,0x00,
0x68,0x00,0x00,0x00,0x81,0x00,0x05,0x00,0x0A,0x00,0x00,0x00,0x6B,0x00,0x00,0x00,0x5D,0x00,0x00,0x00,0x6A,0x00,0x00,0x00,
0x80,0x00,0x05,0x00,0x0F,0x00,0x00,0x00,0x6C,0x00,0x00,0x00,0x4F,0x00,0x00,0x00,0x2B,0x00,0x00,0x00,0x0C,0x00,0x07,0x00,
0x0F,0x00,0x00,0x00,0x6D,0x00,0x00,0x00,0x01,0x00,0x00,0x00,0x26,0x00,0x00,0x00,0x6C,0x00,0x00,0x00,0x52,0x00,0x00,0x00,
0x7C,0x00,0x04,0x00,0x23,0x00,0x00,0x00,0x6E,0x00,0x00,0x00,0x6D,0x00,0x00,0x00,0x51,0x00,0x05,0x00,0x11,0x00,0x00,0x00,
0x6F,0x00,0x00,0x00,0x6E,0x00,0x00,0x00,0x00,0x00,0x00,0x00,0x51,0x00,0x05,0x00,0x11,0x00,0x00,0x00,0x70,0x00,0x00,0x00,
0x6E,0x00,0x00,0x00,0x01,0x00,0x00,0x00,0x50,0x00,0x06,0x00,0x27,0x00,0x00,0x00,0x71,0x00,0x00,0x00,0x6F,0x00,0x00,0x00,
0x70,0x00,0x00,0x00,0x12,0x00,0x00,0x00,0x4F,0x00,0x07,0x00,0x23,0x00,0x00,0x00,0x72,0x00,0x00,0x00,0x71,0x00,0x00,0x00,
0x71,0x00,0x00,0x00,0x00,0x00,0x00,0x00,0x01,0x00,0x00,0x00,0x3D,0x00,0x04,0x00,0x06,0x00,0x00,0x00,0x73,0x00,0x00,0x00,
0x07,0x00,0x00,0x00,0x5F,0x00,0x07,0x00,0x28,0x00,0x00,0x00,0x74,0x00,0x00,0x00,0x73,0x00,0x00,0x00,0x72,0x00,0x00,0x00,
0x02,0x00,0x00,0x00,0x12,0x00,0x00,0x00,0x4F,0x00,0x08,0x00,0x1A,0x00,0x00,0x00,0x75,0x00,0x00,0x00,0x74,0x00,0x00,0x00,
0x74,0x00,0x00,0x00,0x00,0x00,0x00,0x00,0x01,0x00,0x00,0x00,0x02,0x00,0x00,0x00,0x94,0x00,0x05,0x00,0x0A,0x00,0x00,0x00,
0x76,0x00,0x00,0x00,0x75,0x00,0x00,0x00,0x1B,0x00,0x00,0x00,0x81,0x00,0x05,0x00,0x0A,0x00,0x00,0x00,0x77,0x00,0x00,0x00,
0x69,0x00,0x00,0x00,0x76,0x00,0x00,0x00,0x85,0x00,0x05,0x00,0x0A,0x00,0x00,0x00,0x78,0x00,0x00,0x00,0x76,0x00,0x00,0x00,
0x76,0x00,0x00,0x00,0x81,0x00,0x05,0x00,0x0A,0x00,0x00,0x00,0x79,0x00,0x00,0x00,0x6B,0x00,0x00,0x00,0x78,0x00,0x00,0x00,
0x80,0x00,0x05,0x00,0x0F,0x00,0x00,0x00,0x7A,0x00,0x00,0x00,0x4F,0x00,0x00,0x00,0x2C,0x00,0x00,0x00,0x0C,0x00,0x07,0x00,
0x0F,0x00,0x00,0x00,0x7B,0x00,0x00,0x00,0x01,0x00,0x00,0x00,0x26,0x00,0x00,0x00,0x7A,0x00,0x00,0x00,0x52,0x00,0x00,0x00,
0x7C,0x00,0x04,0x00,0x23,0x00,0x00,0x00,0x7C,0x00,0x00,0x00,0x7B,0x00,0x00,0x00,0x51,0x00,0x05,0x00,0x11,0x00,0x00,0x00,
0x7D,0x00,0x00,0x00,0x7C,0x00,0x00,0x00,0x00,0x00,0x00,0x00,0x51,0x00,0x05,0x00,0x11,0x00,0x00,0x00,0x7E,0x00,0x00,0x00,
0x7C,0x00,0x00,0x00,0x01,0x00,0x00,0x00,0x50,0x00,0x06,0x00,0x27,0x00,0x00,0x00,0x7F,0x00,0x00,0x00,0x7D,0x00,0x00,0x00,
0x7E,0x00,0x00,0x00,0x12,0x00,0x00,0x00,0x4F,0x00,0x07,0x00,0x23,0x00,0x00,0x00,0x80,0x00,0x00,0x00,0x7F,0x00,0x00,0x00,
0x7F,0x00,0x00,0x00,0x00,0x00,0x00,0x00,0x01,0x00,0x00,0x00,0x3D,0x00,0x04,0x00,0x06,0x00,0x00,0x00,0x81,0x00,0x00,0x00,
0x07,0x00,0x00,0x00,0x5F,0x00,0x07,0x00,0x28,0x00,0x00,0x00,0x82,0x00,0x00,0x00,0x81,0x00,0x00,0x00,0x80,0x00,0x00,0x00,
0x02,0x00,0x00,0x00,0x12,0x00,0x00,0x00,0x4F,0x00,0x08,0x00,0x1A,0x00,0x00,0x00,0x83,0x00,0x00,0x00,0x82,0x00,0x00,0x00,
0x82,0x00,0x00,0x00,0x00,0x00,0x00,0x00,0x01,0x00,0x00,0x00,0x02,0x00,0x00,0x00,0x94,0x00,0x05,0x00,0x0A,0x00,0x00,0x00,
0x84,0x00,0x00,0x00,0x83,0x00,0x00,0x00,0x1B,0x00,0x00,0x00,0x81,0x00,0x05,0x00,0x0A,0x00,0x00,0x00,0x85,0x00,0x00,0x00,
0x77,0x00,0x00,0x00,0x84,0x00,0x00,0x00,0x85,0x00,0x05,0x00,0x0A,0x00,0x00,0x00,0x86,0x00,0x00,0x00,0x84,0x00,0x00,0x00,
0x84,0x00,0x00,0x00,0x81,0x00,0x05,0x00,0x0A,0x00,0x00,0x00,0x87,0x00,0x00,0x00,0x79,0x00,0x00,0x00,0x86,0x00,0x00,0x00,
0x80,0x00,0x05,0x00,0x0F,0x00,0x00,0x00,0x88,0x00,0x00,0x00,0x4F,0x00,0x00,0x00,0x2D,0x00,0x00,0x00,0x0C,0x00,0x07,0x00,
0x0F,0x00,0x00,0x00,0x89,0x00,0x00,0x00,0x01,0x00,0x00,0x00,0x26,0x00,0x00,0x00,0x88,0x00,0x00,0x00,0x52,0x00,0x00,0x00,
0x7C,0x00,0x04,0x00,0x23,0x00,0x00,0x00,0x8A,0x00,0x00,0x00,0x89,0x00,0x00,0x00,0x51,0x00,0x05,0x00,0x11,0x00,0x00,0x00,
0x8B,0x00,0x00,0x00,0x8A,0x00,0x00,0x00,0x00,0x00,0x00,0x00,0x51,0x00,0x05,0x00,0x11,0x00,0x00,0x00,0x8C,0x00,0x00,0x00,
0x8A,0x00,0x00,0x00,0x01,0x00,0x00,0x00,0x50,0x00,0x06,0x00,0x27,0x00,0x00,0x00,0x8D,0x00,0x00,0x00,0x8B,0x00,0x00,0x00,
0x8C,0x00,0x00,0x00,0x12,0x00,0x00,0x00,0x4F,0x00,0x07,0x00,0x23,0x00,0x00,0x00,0x8E,0x00,0x00,0x00,0x8D,0x00,0x00,0x00,
0x8D,0x00,0x00,0x00,0x00,0x00,0x00,0x00,0x01,0x00,0x00,0x00,0x3D,0x00,0x04,0x00,0x06,0x00,0x00,0x00,0x8F,0x00,0x00,0x00,
0x07,0x00,0x00,0x00,0x5F,0x00,0x07,0x00,0x28,0x00,0x00,0x00,0x90,0x00,0x00,0x00,0x8F,0x00,0x00,0x00,0x8E,0x00,0x00,0x00,
0x02,0x00,0x00,0x00,0x12,0x00,0x00,0x00,0x4F,0x00,0x08,0x00,0x1A,0x00,0x00,0x00,0x91,0x00,0x00,0x00,0x90,0x00,0x00,0x00,
0x90,0x00,0x00,0x00,0x00,0x00,0x00,0x00,0x01,0x00,0x00,0x00,0x02,0x00,0x00,0x00,0x94,0x00,0x05,0x00,0x0A,0x00,0x00,0x00,
0x92,0x00,0x00,0x00,0x91,0x00,0x00,0x00,0x1B,0x00,0x00,0x00,0x81,0x00,0x05,0x00,0x0A,0x00,0x00,0x00,0x93,0x00,0x00,0x00,
0x85,0x00,0x00,0x00,0x92,0x00,0x00,0x00,0x85,0x00,0x05,0x00,0x0A,0x00,0x00,0x00,0x94,0x00,0x00,0x00,0x92,0x00,0x00,0x00,
0x92,0x00,0x00,0x00,0x81,0x00,0x05,0x00,0x0A,0x00,0x00,0x00,0x95,0x00,0x00,0x00,0x87,0x00,0x00,0x00,0x94,0x00,0x00,0x00,
0x80,0x00,0x05,0x00,0x0F,0x00,0x00,0x00,0x96,0x00,0x00,0x00,0x4F,0x00,0x00,0x00,0x2E,0x00,0x00,0x00,0x0C,0x00,0x07,0x00,
0x0F,0x00,0x00,0x00,0x97,0x00,0x00,0x00,0x01,0x00,0x00,0x00,0x26,0x00,0x00,0x00,0x96,0x00,0x00,0x00,0x52,0x00,0x00,0x00,
0x7C,0x00,0x04,0x00,0x23,0x00,0x00,0x00,0x98,0x00,0x00,0x00,0x97,0x00,0x00,0x00,0x51,0x00,0x05,0x00,0x11,0x00,0x00,0x00,
0x99,0x00,0x00,0x00,0x98,0x00,0x00,0x00,0x00,0x00,0x00,0x00,0x51,0x00,0x05,0x00,0x11,0x00,0x00,0x00,0x9A,0x00,0x00,0x00,
0x98,0x00,0x00,0x00,0x01,0x00,0x00,0x00,0x50,0x00,0x06,0x00,0x27,0x00,0x00,0x00,0x9B,0x00,0x00,0x00,0x99,0x00,0x00,0x00,
0x9A,0x00,0x00,0x00,0x12,0x00,0x00,0x00,0x4F,0x00,0x07,0x00,0x23,0x00,0x00,0x00,0x9C,0x00,0x00,0x00,0x9B,0x00,0x00,0x00,
0x9B,0x00,0x00,0x00,0x00,0x00,0x00,0x00,0x01,0x00,0x00,0x00,0x3D,0x00,0x04,0x00,0x06,0x00,0x00,0x00,0x9D,0x00,0x00,0x00,
0x07,0x00,0x00,0x00,0x5F,0x00,0x07,0x00,0x28,0x00,0x00,0x00,0x9E,0x00,0x00,0x00,0x9D,0x00,0x00,0x00,0x9C,0x00,0x00,0x00,
0x02,0x00,0x00,0x00,0x12,0x00,0x00,0x00,0x4F,0x00,0x08,0x00,0x1A,0x00,0x00,0x00,0x9F,0x00,0x00,0x00,0x9E,0x00,0x00,0x00,
0x9E,0x00,0x00,0x00,0x00,0x00,0x00,0x00,0x01,0x00,0x00,0x00,0x02,0x00,0x00,0x00,0x94,0x00,0x05,0x00,0x0A,0x00,0x00,0x00,
0xA0,0x00,0x00,0x00,0x9F,0x00,0x00,0x00,0x1B,0x00,0x00,0x00,0x81,0x00,0x05,0x00,0x0A,0x00,0x00,0x00,0xA1,0x00,0x00,0x00,
0x93,0x00,0x00,0x00,0xA0,0x00,0x00,0x00,0x85,0x00,0x05,0x00,0x0A,0x00,0x00,0x00,0xA2,0x00,0x00,0x00,0xA0,0x00,0x00,0x00,
0xA0,0x00,0x00,0x00,0x81,0x00,0x05,0x00,0x0A,0x00,0x00,0x00,0xA3,0x00,0x00,0x00,0x95,0x00,0x00,0x00,0xA2,0x00,0x00,0x00,
0x80,0x00,0x05,0x00,0x0F,0x00,0x00,0x00,0xA4,0x00,0x00,0x00,0x4F,0x00,0x00,0x00,0x2F,0x00,0x00,0x00,0x0C,0x00,0x07,0x00,
0x0F,0x00,0x00,0x00,0xA5,0x00,0x00,0x00,0x01,0x00,0x00,0x00,0x26,0x00,0x00,0x00,0xA4,0x00,0x00,0x00,0x52,0x00,0x00,0x00,
0x7C,0x00,0x04,0x00,0x23,0x00,0x00,0x00,0xA6,0x00,0x00,0x00,0xA5,0x00,0x00,0x00,0x51,0x00,0x05,0x00,0x11,0x00,0x00,0x00,
0xA7,0x00,0x00,0x00,0xA6,0x00,0x00,0x00,0x00,0x00,0x00,0x00,0x51,0x00,0x05,0x00,0x11,0x00,0x00,0x00,0xA8,0x00,0x00,0x00,
0xA6,0x00,0x00,0x00,0x01,0x00,0x00,0x00,0x50,0x00,0x06,0x00,0x27,0x00,0x00,0x00,0xA9,0x00,0x00,0x00,0xA7,0x00,0x00,0x00,
0xA8,0x00,0x00,0x00,0x12,0x00,0x00,0x00,0x4F,0x00,0x07,0x00,0x23,0x00,0x00,0x00,0xAA,0x00,0x00,0x00,0xA9,0x00,0x00,0x00,
0xA9,0x00,0x00,0x00,0x00,0x00,0x00,0x00,0x01,0x00,0x00,0x00,0x3D,0x00,0x04,0x00,0x06,0x00,0x00,0x00,0xAB,0x00,0x00,0x00,
0x07,0x00,0x00,0x00,0x5F,0x00,0x07,0x00,0x28,0x00,0x00,0x00,0xAC,0x00,0x00,0x00,0xAB,0x00,0x00,0x00,0xAA,0x00,0x00,0x00,
0x02,0x00,0x00,0x00,0x12,0x00,0x00,0x00,0x4F,0x00,0x08,0x00,0x1A,0x00,0x00,0x00,0xAD,0x00,0x00,0x00,0xAC,0x00,0x00,0x00,
0xAC,0x00,0x00,0x00,0x00,0x00,0x00,0x00,0x01,0x00,0x00,0x00,0x02,0x00,0x00,0x00,0x94,0x00,0x05,0x00,0x0A,0x00,0x00,0x00,
0xAE,0x00,0x00,0x00,0xAD,0x00,0x00,0x00,0x1B,0x00,0x00,0x00,0x81,0x00,0x05,0x00,0x0A,0x00,0x00,0x00,0xAF,0x00,0x00,0x00,
0xA1,0x00,0x00,0x00,0xAE,0x00,0x00,0x00,0x85,0x00,0x05,0x00,0x0A,0x00,0x00,0x00,0xB0,0x00,0x00,0x00,0xAE,0x00,0x00,0x00,
0xAE,0x00,0x00,0x00,0x81,0x00,0x05,0x00,0x0A,0x00,0x00,0x00,0xB1,0x00,0x00,0x00,0xA3,0x00,0x00,0x00,0xB0,0x00,0x00,0x00,
0x80,0x00,0x05,0x00,0x0F,0x00,0x00,0x00,0xB2,0x00,0x00,0x00,0x4F,0x00,0x00,0x00,0x30,0x00,0x00,0x00,0x0C,0x00,0x07,0x00,
0x0F,0x00,0x00,0x00,0xB3,0x00,0x00,0x00,0x01,0x00,0x00,0x00,0x26,0x00,0x00,0x00,0xB2,0x00,0x00,0x00,0x52,0x00,0x00,0x00,
0x7C,0x00,0x04,0x00,0x23,0x00,0x00,0x00,0xB4,0x00,0x00,0x00,0xB3,0x00,0x00,0x00,0x51,0x00,0x05,0x00,0x11,0x00,0x00,0x00,
0xB5,0x00,0x00,0x00,0xB4,0x00,0x00,0x00,0x00,0x00,0x00,0x00,0x51,0x00,0x05,0x00,0x11,0x00,0x00,0x00,0xB6,0x00,0x00,0x00,
0xB4,0x00,0x00,0x00,0x01,0x00,0x00,0x00,0x50,0x00,0x06,0x00,0x27,0x00,0x00,0x00,0xB7,0x00,0x00,0x00,0xB5,0x00,0x00,0x00,
0xB6,0x00,0x00,0x00,0x12,0x00,0x00,0x00,0x4F,0x00,0x07,0x00,0x23,0x00,0x00,0x00,0xB8,0x00,0x00,0x00,0xB7,0x00,0x00,0x00,
0xB7,0x00,0x00,0x00,0x00,0x00,0x00,0x00,0x01,0x00,0x00,0x00,0x3D,0x00,0x04,0x00,0x06,0x00,0x00,0x00,0xB9,0x00,0x00,0x00,
0x07,0x00,0x00,0x00,0x5F,0x00,0x07,0x00,0x28,0x00,0x00,0x00,0xBA,0x00,0x00,0x00,0xB9,0x00,0x00,0x00,0xB8,0x00,0x00,0x00,
0x02,0x00,0x00,0x00,0x12,0x00,0x00,0x00,0x4F,0x00,0x08,0x00,0x1A,0x00,0x00,0x00,0xBB,0x00,0x00,0x00,0xBA,0x00,0x00,0x00,
0xBA,0x00,0x00,0x00,0x00,0x00,0x00,0x00,0x01,0x00,0x00,0x00,0x02,0x00,0x00,0x00,0x94,0x00,0x05,0x00,0x0A,0x00,0x00,0x00,
0xBC,0x00,0x00,0x00,0xBB,0x00,0x00,0x00,0x1B,0x00,0x00,0x00,0x81,0x00,0x05,0x00,0x0A,0x00,0x00,0x00,0xBD,0x00,0x00,0x00,
0xAF,0x00,0x00,0x00,0xBC,0x00,0x00,0x00,0x85,0x00,0x05,0x00,0x0A,0x00,0x00,0x00,0xBE,0x00,0x00,0x00,0xBC,0x00,0x00,0x00,
0xBC,0x00,0x00,0x00,0x81,0x00,0x05,0x00,0x0A,0x00,0x00,0x00,0xBF,0x00,0x00,0x00,0xB1,0x00,0x00,0x00,0xBE,0x00,0x00,0x00,
0x80,0x00,0x05,0x00,0x0F,0x00,0x00,0x00,0xC0,0x00,0x00,0x00,0x4F,0x00,0x00,0x00,0x31,0x00,0x00,0x00,0x0C,0x00,0x07,0x00,
0x0F,0x00,0x00,0x00,0xC1,0x00,0x00,0x00,0x01,0x00,0x00,0x00,0x26,0x00,0x00,0x00,0xC0,0x00,0x00,0x00,0x52,0x00,0x00,0x00,
0x7C,0x00,0x04,0x00,0x23,0x00,0x00,0x00,0xC2,0x00,0x00,0x00,0xC1,0x00,0x00,0x00,0x51,0x00,0x05,0x00,0x11,0x00,0x00,0x00,
0xC3,0x00,0x00,0x00,0xC2,0x00,0x00,0x00,0x00,0x00,0x00,0x00,0x51,0x00,0x05,0x00,0x11,0x00,0x00,0x00,0xC4,0x00,0x00,0x00,
0xC2,0x00,0x00,0x00,0x01,0x00,0x00,0x00,0x50,0x00,0x06,0x00,0x27,0x00,0x00,0x00,0xC5,0x00,0x00,0x00,0xC3,0x00,0x00,0x00,
0xC4,0x00,0x00,0x00,0x12,0x00,0x00,0x00,0x4F,0x00,0x07,0x00,0x23,0x00,0x00,0x00,0xC6,0x00,0x00,0x00,0xC5,0x00,0x00,0x00,
0xC5,0x00,0x00,0x00,0x00,0x00,0x00,0x00,0x01,0x00,0x00,0x00,0x3D,0x00,0x04,0x00,0x06,0x00,0x00,0x00,0xC7,0x00,0x00,0x00,
0x07,0x00,0x00,0x00,0x5F,0x00,0x07,0x00,0x28,0x00,0x00,0x00,0xC8,0x00,0x00,0x00,0xC7,0x00,0x00,0x00,0xC6,0x00,0x00,0x00,
0x02,0x00,0x00,0x00,0x12,0x00,0x00,0x00,0x4F,0x00,0x08,0x00,0x1A,0x00,0x00,0x00,0xC9,0x00,0x00,0x00,0xC8,0x00,0x00,0x00,
0xC8,0x00,0x00,0x00,0x00,0x00,0x00,0x00,0x01,0x00,0x00,0x00,0x02,0x00,0x00,0x00,0x94,0x00,0x05,0x00,0x0A,0x00,0x00,0x00,
0xCA,0x00,0x00,0x00,0xC9,0x00,0x00,0x00,0x1B,0x00,0x00,0x00,0x81,0x00,0x05,0x00,0x0A,0x00,0x00,0x00,0xCB,0x00,0x00,0x00,
0xBD,0x00,0x00,0x00,0xCA,0x00,0x00,0x00,0x85,0x00,0x05,0x00,0x0A,0x00,0x00,0x00,0xCC,0x00,0x00,0x00,0xCA,0x00,0x00,0x00,
0xCA,0x00,0x00,0x00,0x81,0x00,0x05,0x00,0x0A,0x00,0x00,0x00,0xCD,0x00,0x00,0x00,0xBF,0x00,0x00,0x00,0xCC,0x00,0x00,0x00,
0x80,0x00,0x05,0x00,0x0F,0x00,0x00,0x00,0xCE,0x00,0x00,0x00,0x4F,0x00,0x00,0x00,0x32,0x00,0x00,0x00,0x0C,0x00,0x07,0x00,
0x0F,0x00,0x00,0x00,0xCF,0x00,0x00,0x00,0x01,0x00,0x00,0x00,0x26,0x00,0x00,0x00,0xCE,0x00,0x00,0x00,0x52,0x00,0x00,0x00,
0x7C,0x00,0x04,0x00,0x23,0x00,0x00,0x00,0xD0,0x00,0x00,0x00,0xCF,0x00,0x00,0x00,0x51,0x00,0x05,0x00,0x11,0x00,0x00,0x00,
0xD1,0x00,0x00,0x00,0xD0,0x00,0x00,0x00,0x00,0x00,0x00,0x00,0x51,0x00,0x05,0x00,0x11,0x00,0x00,0x00,0xD2,0x00,0x00,0x00,
0xD0,0x00,0x00,0x00,0x01,0x00,0x00,0x00,0x50,0x00,0x06,0x00,0x27,0x00,0x00,0x00,0xD3,0x00,0x00,0x00,0xD1,0x00,0x00,0x00,
0xD2,0x00,0x00,0x00,0x12,0x00,0x00,0x00,0x4F,0x00,0x07,0x00,0x23,0x00,0x00,0x00,0xD4,0x00,0x00,0x00,0xD3,0x00,0x00,0x00,
0xD3,0x00,0x00,0x00,0x00,0x00,0x00,0x00,0x01,0x00,0x00,0x00,0x3D,0x00,0x04,0x00,0x06,0x00,0x00,0x00,0xD5,0x00,0x00,0x00,
0x07,0x00,0x00,0x00,0x5F,0x00,0x07,0x00,0x28,0x00,0x00,0x00,0xD6,0x00,0x00,0x00,0xD5,0x00,0x00,0x00,0xD4,0x00,0x00,0x00,
0x02,0x00,0x00,0x00,0x12,0x00,0x00,0x00,0x4F,0x00,0x08,0x00,0x1A,0x00,0x00,0x00,0xD7,0x00,0x00,0x00,0xD6,0x00,0x00,0x00,
0xD6,0x00,0x00,0x00,0x00,0x00,0x00,0x00,0x01,0x00,0x00,0x00,0x02,0x00,0x00,0x00,0x94,0x00,0x05,0x00,0x0A,0x00,0x00,0x00,
0xD8,0x00,0x00,0x00,0xD7,0x00,0x00,0x00,0x1B,0x00,0x00,0x00,0x81,0x00,0x05,0x00,0x0A,0x00,0x00,0x00,0xD9,0x00,0x00,0x00,
0xCB,0x00,0x00,0x00,0xD8,0x00,0x00,0x00,0x85,0x00,0x05,0x00,0x0A,0x00,0x00,0x00,0xDA,0x00,0x00,0x00,0xD8,0x00,0x00,0x00,
0xD8,0x00,0x00,0x00,0x81,0x00,0x05,0x00,0x0A,0x00,0x00,0x00,0xDB,0x00,0x00,0x00,0xCD,0x00,0x00,0x00,0xDA,0x00,0x00,0x00,
0x80,0x00,0x05,0x00,0x0F,0x00,0x00,0x00,0xDC,0x00,0x00,0x00,0x4F,0x00,0x00,0x00,0x33,0x00,0x00,0x00,0x0C,0x00,0x07,0x00,
0x0F,0x00,0x00,0x00,0xDD,0x00,0x00,0x00,0x01,0x00,0x00,0x00,0x26,0x00,0x00,0x00,0xDC,0x00,0x00,0x00,0x52,0x00,0x00,0x00,
0x7C,0x00,0x04,0x00,0x23,0x00,0x00,0x00,0xDE,0x00,0x00,0x00,0xDD,0x00,0x00,0x00,0x51,0x00,0x05,0x00,0x11,0x00,0x00,0x00,
0xDF,0x00,0x00,0x00,0xDE,0x00,0x00,0x00,0x00,0x00,0x00,0x00,0x51,0x00,0x05,0x00,0x11,0x00,0x00,0x00,0xE0,0x00,0x00,0x00,
0xDE,0x00,0x00,0x00,0x01,0x00,0x00,0x00,0x50,0x00,0x06,0x00,0x27,0x00,0x00,0x00,0xE1,0x00,0x00,0x00,0xDF,0x00,0x00,0x00,
0xE0,0x00,0x00,0x00,0x12,0x00,0x00,0x00,0x4F,0x00,0x07,0x00,0x23,0x00,0x00,0x00,0xE2,0x00,0x00,0x00,0xE1,0x00,0x00,0x00,
0xE1,0x00,0x00,0x00,0x00,0x00,0x00,0x00,0x01,0x00,0x00,0x00,0x3D,0x00,0x04,0x00,0x06,0x00,0x00,0x00,0xE3,0x00,0x00,0x00,
0x07,0x00,0x00,0x00,0x5F,0x00,0x07,0x00,0x28,0x00,0x00,0x00,0xE4,0x00,0x00,0x00,0xE3,0x00,0x00,0x00,0xE2,0x00,0x00,0x00,
0x02,0x00,0x00,0x00,0x12,0x00,0x00,0x00,0x4F,0x00,0x08,0x00,0x1A,0x00,0x00,0x00,0xE5,0x00,0x00,0x00,0xE4,0x00,0x00,0x00,
0xE4,0x00,0x00,0x00,0x00,0x00,0x00,0x00,0x01,0x00,0x00,0x00,0x02,0x00,0x00,0x00,0x94,0x00,0x05,0x00,0x0A,0x00,0x00,0x00,
0xE6,0x00,0x00,0x00,0xE5,0x00,0x00,0x00,0x1B,0x00,0x00,0x00,0x81,0x00,0x05,0x00,0x0A,0x00,0x00,0x00,0xE7,0x00,0x00,0x00,
0xD9,0x00,0x00,0x00,0xE6,0x00,0x00,0x00,0x85,0x00,0x05,0x00,0x0A,0x00,0x00,0x00,0xE8,0x00,0x00,0x00,0xE6,0x00,0x00,0x00,
0xE6,0x00,0x00,0x00,0x81,0x00,0x05,0x00,0x0A,0x00,0x00,0x00,0xE9,0x00,0x00,0x00,0xDB,0x00,0x00,0x00,0xE8,0x00,0x00,0x00,
0x80,0x00,0x05,0x00,0x0F,0x00,0x00,0x00,0xEA,0x00,0x00,0x00,0x4F,0x00,0x00,0x00,0x34,0x00,0x00,0x00,0x0C,0x00,0x07,0x00,
0x0F,0x00,0x00,0x00,0xEB,0x00,0x00,0x00,0x01,0x00,0x00,0x00,0x26,0x00,0x00,0x00,0xEA,0x00,0x00,0x00,0x52,0x00,0x00,0x00,
0x7C,0x00,0x04,0x00,0x23,0x00,0x00,0x00,0xEC,0x00,0x00,0x00,0xEB,0x00,0x00,0x00,0x51,0x00,0x05,0x00,0x11,0x00,0x00,0x00,
0xED,0x00,0x00,0x00,0xEC,0x00,0x00,0x00,0x00,0x00,0x00,0x00,0x51,0x00,0x05,0x00,0x11,0x00,0x00,0x00,0xEE,0x00,0x00,0x00,
0xEC,0x00,0x00,0x00,0x01,0x00,0x00,0x00,0x50,0x00,0x06,0x00,0x27,0x00,0x00,0x00,0xEF,0x00,0x00,0x00,0xED,0x00,0x00,0x00,
0xEE,0x00,0x00,0x00,0x12,0x00,0x00,0x00,0x4F,0x00,0x07,0x00,0x23,0x00,0x00,0x00,0xF0,0x00,0x00,0x00,0xEF,0x00,0x00,0x00,
0xEF,0x00,0x00,0x00,0x00,0x00,0x00,0x00,0x01,0x00,0x00,0x00,0x3D,0x00,0x04,0x00,0x06,0x00,0x00,0x00,0xF1,0x00,0x00,0x00,
0x07,0x00,0x00,0x00,0x5F,0x00,0x07,0x00,0x28,0x00,0x00,0x00,0xF2,0x00,0x00,0x00,0xF1,0x00,0x00,0x00,0xF0,0x00,0x00,0x00,
0x02,0x00,0x00,0x00,0x12,0x00,0x00,0x00,0x4F,0x00,0x08,0x00,0x1A,0x00,0x00,0x00,0xF3,0x00,0x00,0x00,0xF2,0x00,0x00,0x00,
0xF2,0x00,0x00,0x00,0x00,0x00,0x00,0x00,0x01,0x00,0x00,0x00,0x02,0x00,0x00,0x00,0x94,0x00,0x05,0x00,0x0A,0x00,0x00,0x00,
0xF4,0x00,0x00,0x00,0xF3,0x00,0x00,0x00,0x1B,0x00,0x00,0x00,0x81,0x00,0x05,0x00,0x0A,0x00,0x00,0x00,0xF5,0x00,0x00,0x00,
0xE7,0x00,0x00,0x00,0xF4,0x00,0x00,0x00,0x85,0x00,0x05,0x00,0x0A,0x00,0x00,0x00,0xF6,0x00,0x00,0x00,0xF4,0x00,0x00,0x00,
0xF4,0x00,0x00,0x00,0x81,0x00,0x05,0x00,0x0A,0x00,0x00,0x00,0xF7,0x00,0x00,0x00,0xE9,0x00,0x00,0x00,0xF6,0x00,0x00,0x00,
0x80,0x00,0x05,0x00,0x0F,0x00,0x00,0x00,0xF8,0x00,0x00,0x00,0x4F,0x00,0x00,0x00,0x35,0x00,0x00,0x00,0x0C,0x00,0x07,0x00,
0x0F,0x00,0x00,0x00,0xF9,0x00,0x00,0x00,0x01,0x00,0x00,0x00,0x26,0x00,0x00,0x00,0xF8,0x00,0x00,0x00,0x52,0x00,0x00,0x00,
0x7C,0x00,0x04,0x00,0x23,0x00,0x00,0x00,0xFA,0x00,0x00,0x00,0xF9,0x00,0x00,0x00,0x51,0x00,0x05,0x00,0x11,0x00,0x00,0x00,
0xFB,0x00,0x00,0x00,0xFA,0x00,0x00,0x00,0x00,0x00,0x00,0x00,0x51,0x00,0x05,0x00,0x11,0x00,0x00,0x00,0xFC,0x00,0x00,0x00,
0xFA,0x00,0x00,0x00,0x01,0x00,0x00,0x00,0x50,0x00,0x06,0x00,0x27,0x00,0x00,0x00,0xFD,0x00,0x00,0x00,0xFB,0x00,0x00,0x00,
0xFC,0x00,0x00,0x00,0x12,0x00,0x00,0x00,0x4F,0x00,0x07,0x00,0x23,0x00,0x00,0x00,0xFE,0x00,0x00,0x00,0xFD,0x00,0x00,0x00,
0xFD,0x00,0x00,0x00,0x00,0x00,0x00,0x00,0x01,0x00,0x00,0x00,0x3D,0x00,0x04,0x00,0x06,0x00,0x00,0x00,0xFF,0x00,0x00,0x00,
0x07,0x00,0x00,0x00,0x5F,0x00,0x07,0x00,0x28,0x00,0x00,0x00,0x00,0x01,0x00,0x00,0xFF,0x00,0x00,0x00,0xFE,0x00,0x00,0x00,
0x02,0x00,0x00,0x00,0x12,0x00,0x00,0x00,0x4F,0x00,0x08,0x00,0x1A,0x00,0x00,0x00,0x01,0x01,0x00,0x00,0x00,0x01,0x00,0x00,
0x00,0x01,0x00,0x00,0x00,0x00,0x00,0x00,0x01,0x00,0x00,0x00,0x02,0x00,0x00,0x00,0x94,0x00,0x05,0x00,0x0A,0x00,0x00,0x00,
0x02,0x01,0x00,0x00,0x01,0x01,0x00,0x00,0x1B,0x00,0x00,0x00,0x81,0x00,0x05,0x00,0x0A,0x00,0x00,0x00,0x03,0x01,0x00,0x00,
0xF5,0x00,0x00,0x00,0x02,0x01,0x00,0x00,0x85,0x00,0x05,0x00,0x0A,0x00,0x00,0x00,0x04,0x01,0x00,0x00,0x02,0x01,0x00,0x00,
0x02,0x01,0x00,0x00,0x81,0x00,0x05,0x00,0x0A,0x00,0x00,0x00,0x05,0x01,0x00,0x00,0xF7,0x00,0x00,0x00,0x04,0x01,0x00,0x00,
0x80,0x00,0x05,0x00,0x0F,0x00,0x00,0x00,0x06,0x01,0x00,0x00,0x4F,0x00,0x00,0x00,0x36,0x00,0x00,0x00,0x0C,0x00,0x07,0x00,
0x0F,0x00,0x00,0x00,0x07,0x01,0x00,0x00,0x01,0x00,0x00,0x00,0x26,0x00,0x00,0x00,0x06,0x01,0x00,0x00,0x52,0x00,0x00,0x00,
0x7C,0x00,0x04,0x00,0x23,0x00,0x00,0x00,0x08,0x01,0x00,0x00,0x07,0x01,0x00,0x00,0x51,0x00,0x05,0x00,0x11,0x00,0x00,0x00,
0x09,0x01,0x00,0x00,0x08,0x01,0x00,0x00,0x00,0x00,0x00,0x00,0x51,0x00,0x05,0x00,0x11,0x00,0x00,0x00,0x0A,0x01,0x00,0x00,
0x08,0x01,0x00,0x00,0x01,0x00,0x00,0x00,0x50,0x00,0x06,0x00,0x27,0x00,0x00,0x00,0x0B,0x01,0x00,0x00,0x09,0x01,0x00,0x00,
0x0A,0x01,0x00,0x00,0x12,0x00,0x00,0x00,0x4F,0x00,0x07,0x00,0x23,0x00,0x00,0x00,0x0C,0x01,0x00,0x00,0x0B,0x01,0x00,0x00,
0x0B,0x01,0x00,0x00,0x00,0x00,0x00,0x00,0x01,0x00,0x00,0x00,0x3D,0x00,0x04,0x00,0x06,0x00,0x00,0x00,0x0D,0x01,0x00,0x00,
0x07,0x00,0x00,0x00,0x5F,0x00,0x07,0x00,0x28,0x00,0x00,0x00,0x0E,0x01,0x00,0x00,0x0D,0x01,0x00,0x00,0x0C,0x01,0x00,0x00,
0x02,0x00,0x00,0x00,0x12,0x00,0x00,0x00,0x4F,0x00,0x08,0x00,0x1A,0x00,0x00,0x00,0x0F,0x01,0x00,0x00,0x0E,0x01,0x00,0x00,
0x0E,0x01,0x00,0x00,0x00,0x00,0x00,0x00,0x01,0x00,0x00,0x00,0x02,0x00,0x00,0x00,0x94,0x00,0x05,0x00,0x0A,0x00,0x00,0x00,
0x10,0x01,0x00,0x00,0x0F,0x01,0x00,0x00,0x1B,0x00,0x00,0x00,0x81,0x00,0x05,0x00,0x0A,0x00,0x00,0x00,0x11,0x01,0x00,0x00,
0x03,0x01,0x00,0x00,0x10,0x01,0x00,0x00,0x85,0x00,0x05,0x00,0x0A,0x00,0x00,0x00,0x12,0x01,0x00,0x00,0x10,0x01,0x00,0x00,
0x10,0x01,0x00,0x00,0x81,0x00,0x05,0x00,0x0A,0x00,0x00,0x00,0x13,0x01,0x00,0x00,0x05,0x01,0x00,0x00,0x12,0x01,0x00,0x00,
0x80,0x00,0x05,0x00,0x0F,0x00,0x00,0x00,0x14,0x01,0x00,0x00,0x4F,0x00,0x00,0x00,0x37,0x00,0x00,0x00,0x0C,0x00,0x07,0x00,
0x0F,0x00,0x00,0x00,0x15,0x01,0x00,0x00,0x01,0x00,0x00,0x00,0x26,0x00,0x00,0x00,0x14,0x01,0x00,0x00,0x52,0x00,0x00,0x00,
0x7C,0x00,0x04,0x00,0x23,0x00,0x00,0x00,0x16,0x01,0x00,0x00,0x15,0x01,0x00,0x00,0x51,0x00,0x05,0x00,0x11,0x00,0x00,0x00,
0x17,0x01,0x00,0x00,0x16,0x01,0x00,0x00,0x00,0x00,0x00,0x00,0x51,0x00,0x05,0x00,0x11,0x00,0x00,0x00,0x18,0x01,0x00,0x00,
0x16,0x01,0x00,0x00,0x01,0x00,0x00,0x00,0x50,0x00,0x06,0x00,0x27,0x00,0x00,0x00,0x19,0x01,0x00,0x00,0x17,0x01,0x00,0x00,
0x18,0x01,0x00,0x00,0x12,0x00,0x00,0x00,0x4F,0x00,0x07,0x00,0x23,0x00,0x00,0x00,0x1A,0x01,0x00,0x00,0x19,0x01,0x00,0x00,
0x19,0x01,0x00,0x00,0x00,0x00,0x00,0x00,0x01,0x00,0x00,0x00,0x3D,0x00,0x04,0x00,0x06,0x00,0x00,0x00,0x1B,0x01,0x00,0x00,
0x07,0x00,0x00,0x00,0x5F,0x00,0x07,0x00,0x28,0x00,0x00,0x00,0x1C,0x01,0x00,0x00,0x1B,0x01,0x00,0x00,0x1A,0x01,0x00,0x00,
0x02,0x00,0x00,0x00,0x12,0x00,0x00,0x00,0x4F,0x00,0x08,0x00,0x1A,0x00,0x00,0x00,0x1D,0x01,0x00,0x00,0x1C,0x01,0x00,0x00,
0x1C,0x01,0x00,0x00,0x00,0x00,0x00,0x00,0x01,0x00,0x00,0x00,0x02,0x00,0x00,0x00,0x94,0x00,0x05,0x00,0x0A,0x00,0x00,0x00,
0x1E,0x01,0x00,0x00,0x1D,0x01,0x00,0x00,0x1B,0x00,0x00,0x00,0x81,0x00,0x05,0x00,0x0A,0x00,0x00,0x00,0x1F,0x01,0x00,0x00,
0x11,0x01,0x00,0x00,0x1E,0x01,0x00,0x00,0x85,0x00,0x05,0x00,0x0A,0x00,0x00,0x00,0x20,0x01,0x00,0x00,0x1E,0x01,0x00,0x00,
0x1E,0x01,0x00,0x00,0x81,0x00,0x05,0x00,0x0A,0x00,0x00,0x00,0x21,0x01,0x00,0x00,0x13,0x01,0x00,0x00,0x20,0x01,0x00,0x00,
0x80,0x00,0x05,0x00,0x0F,0x00,0x00,0x00,0x22,0x01,0x00,0x00,0x4F,0x00,0x00,0x00,0x38,0x00,0x00,0x00,0x0C,0x00,0x07,0x00,
0x0F,0x00,0x00,0x00,0x23,0x01,0x00,0x00,0x01,0x00,0x00,0x00,0x26,0x00,0x00,0x00,0x22,0x01,0x00,0x00,0x52,0x00,0x00,0x00,
0x7C,0x00,0x04,0x00,0x23,0x00,0x00,0x00,0x24,0x01,0x00,0x00,0x23,0x01,0x00,0x00,0x51,0x00,0x05,0x00,0x11,0x00,0x00,0x00,
0x25,0x01,0x00,0x00,0x24,0x01,0x00,0x00,0x00,0x00,0x00,0x00,0x51,0x00,0x05,0x00,0x11,0x00,0x00,0x00,0x26,0x01,0x00,0x00,
0x24,0x01,0x00,0x00,0x01,0x00,0x00,0x00,0x50,0x00,0x06,0x00,0x27,0x00,0x00,0x00,0x27,0x01,0x00,0x00,0x25,0x01,0x00,0x00,
0x26,0x01,0x00,0x00,0x12,0x00,0x00,0x00,0x4F,0x00,0x07,0x00,0x23,0x00,0x00,0x00,0x28,0x01,0x00,0x00,0x27,0x01,0x00,0x00,
0x27,0x01,0x00,0x00,0x00,0x00,0x00,0x00,0x01,0x00,0x00,0x00,0x3D,0x00,0x04,0x00,0x06,0x00,0x00,0x00,0x29,0x01,0x00,0x00,
0x07,0x00,0x00,0x00,0x5F,0x00,0x07,0x00,0x28,0x00,0x00,0x00,0x2A,0x01,0x00,0x00,0x29,0x01,0x00,0x00,0x28,0x01,0x00,0x00,
0x02,0x00,0x00,0x00,0x12,0x00,0x00,0x00,0x4F,0x00,0x08,0x00,0x1A,0x00,0x00,0x00,0x2B,0x01,0x00,0x00,0x2A,0x01,0x00,0x00,
0x2A,0x01,0x00,0x00,0x00,0x00,0x00,0x00,0x01,0x00,0x00,0x00,0x02,0x00,0x00,0x00,0x94,0x00,0x05,0x00,0x0A,0x00,0x00,0x00,
0x2C,0x01,0x00,0x00,0x2B,0x01,0x00,0x00,0x1B,0x00,0x00,0x00,0x81,0x00,0x05,0x00,0x0A,0x00,0x00,0x00,0x2D,0x01,0x00,0x00,
0x1F,0x01,0x00,0x00,0x2C,0x01,0x00,0x00,0x85,0x00,0x05,0x00,0x0A,0x00,0x00,0x00,0x2E,0x01,0x00,0x00,0x2C,0x01,0x00,0x00,
0x2C,0x01,0x00,0x00,0x81,0x00,0x05,0x00,0x0A,0x00,0x00,0x00,0x2F,0x01,0x00,0x00,0x21,0x01,0x00,0x00,0x2E,0x01,0x00,0x00,
0x85,0x00,0x05,0x00,0x0A,0x00,0x00,0x00,0x30,0x01,0x00,0x00,0x2D,0x01,0x00,0x00,0x39,0x00,0x00,0x00,0x85,0x00,0x05,0x00,
0x0A,0x00,0x00,0x00,0x31,0x01,0x00,0x00,0x2F,0x01,0x00,0x00,0x39,0x00,0x00,0x00,0x50,0x00,0x07,0x00,0x28,0x00,0x00,0x00,
0x32,0x01,0x00,0x00,0x30,0x01,0x00,0x00,0x31,0x01,0x00,0x00,0x0B,0x00,0x00,0x00,0x15,0x00,0x00,0x00,0x3D,0x00,0x04,0x00,
0x08,0x00,0x00,0x00,0x33,0x01,0x00,0x00,0x09,0x00,0x00,0x00,0x63,0x00,0x05,0x00,0x33,0x01,0x00,0x00,0x3E,0x00,0x00,0x00,
0x32,0x01,0x00,0x00,0x00,0x00,0x00,0x00,0xF9,0x00,0x02,0x00,0x3C,0x00,0x00,0x00,0xF8,0x00,0x02,0x00,0x3C,0x00,0x00,0x00,
0xFD,0x00,0x01,0x00,0x38,0x00,0x01,0x00
};
alignas(4) inline constexpr unsigned char Estimate_dxil[] = {
0x44,0x58,0x42,0x43,0xE5,0xE5,0x90,0xB8,0x44,0x5A,0xF0,0xD2,0xED,0x2E,0x59,0x96,0xA7,0x88,0x33,0x04,0x01,0x00,0x00,0x00,
0xF8,0x16,0x00,0x00,0x07,0x00,0x00,0x00,0x3C,0x00,0x00,0x00,0x4C,0x00,0x00,0x00,0x5C,0x00,0x00,0x00,0x6C,0x00,0x00,0x00,
0x28,0x01,0x00,0x00,0x58,0x09,0x00,0x00,0x74,0x09,0x00,0x00,0x53,0x46,0x49,0x30,0x08,0x00,0x00,0x00,0x00,0x00,0x00,0x00,
0x00,0x00,0x00,0x00,0x49,0x53,0x47,0x31,0x08,0x00,0x00,0x00,0x00,0x00,0x00,0x00,0x08,0x00,0x00,0x00,0x4F,0x53,0x47,0x31,
0x08,0x00,0x00,0x00,0x00,0x00,0x00,0x00,0x08,0x00,0x00,0x00,0x50,0x53,0x56,0x30,0xB4,0x00,0x00,0x00,0x34,0x00,0x00,0x00,
0x00,0x00,0x00,0x00,0x00,0x00,0x00,0x00,0x00,0x00,0x00,0x00,0x00,0x00,0x00,0x00,0x00,0x00,0x00,0x00,0xFF,0xFF,0xFF,0xFF,
0x05,0x00,0x00,0x00,0x00,0x00,0x00,0x00,0x00,0x00,0x00,0x00,0x08,0x00,0x00,0x00,0x08,0x00,0x00,0x00,0x01,0x00,0x00,0x00,
0x01,0x00,0x00,0x00,0x04,0x00,0x00,0x00,0x18,0x00,0x00,0x00,0x02,0x00,0x00,0x00,0x00,0x00,0x00,0x00,0x00,0x00,0x00,0x00,
0x00,0x00,0x00,0x00,0x0D,0x00,0x00,0x00,0x00,0x00,0x00,0x00,0x03,0x00,0x00,0x00,0x00,0x00,0x00,0x00,0x02,0x00,0x00,0x00,
0x02,0x00,0x00,0x00,0x02,0x00,0x00,0x00,0x00,0x00,0x00,0x00,0x03,0x00,0x00,0x00,0x00,0x00,0x00,0x00,0x03,0x00,0x00,0x00,
0x03,0x00,0x00,0x00,0x02,0x00,0x00,0x00,0x00,0x00,0x00,0x00,0x06,0x00,0x00,0x00,0x00,0x00,0x00,0x00,0x01,0x00,0x00,0x00,
0x01,0x00,0x00,0x00,0x02,0x00,0x00,0x00,0x00,0x00,0x00,0x00,0x0C,0x00,0x00,0x00,0x00,0x45,0x73,0x74,0x69,0x6D,0x61,0x74,
0x65,0x00,0x00,0x00,0x00,0x00,0x00,0x00,0x53,0x54,0x41,0x54,0x28,0x08,0x00,0x00,0x60,0x00,0x05,0x00,0x0A,0x02,0x00,0x00,
0x44,0x58,0x49,0x4C,0x00,0x01,0x00,0x00,0x10,0x00,0x00,0x00,0x10,0x08,0x00,0x00,0x42,0x43,0xC0,0xDE,0x21,0x0C,0x00,0x00,
0x01,0x02,0x00,0x00,0x0B,0x82,0x20,0x00,0x02,0x00,0x00,0x00,0x13,0x00,0x00,0x00,0x07,0x81,0x23,0x91,0x41,0xC8,0x04,0x49,
0x06,0x10,0x32,0x39,0x92,0x01,0x84,0x0C,0x25,0x05,0x08,0x19,0x1E,0x04,0x8B,0x62,0x80,0x18,0x45,0x02,0x42,0x92,0x0B,0x42,
0xC4,0x10,0x32,0x14,0x38,0x08,0x18,0x4B,0x0A,0x32,0x62,0x88,0x48,0x90,0x14,0x20,0x43,0x46,0x88,0xA5,0x00,0x19,0x32,0x42,
0xE4,0x48,0x0E,0x90,0x11,0x23,0xC4,0x50,0x41,0x51,0x81,0x8C,0xE1,0x83,0xE5,0x8A,0x04,0x31,0x46,0x06,0x51,0x18,0x00,0x00,
0x08,0x00,0x00,0x00,0x1B,0x8C,0xE0,0xFF,0xFF,0xFF,0xFF,0x07,0x40,0x02,0xA8,0x0D,0x84,0xF0,0xFF,0xFF,0xFF,0xFF,0x03,0x20,
0x6D,0x30,0x86,0xFF,0xFF,0xFF,0xFF,0x1F,0x00,0x09,0xA8,0x00,0x49,0x18,0x00,0x00,0x03,0x00,0x00,0x00,0x13,0x82,0x60,0x42,
0x20,0x4C,0x08,0x06,0x00,0x00,0x00,0x00,0x89,0x20,0x00,0x00,0x61,0x00,0x00,0x00,0x32,0x22,0x88,0x09,0x20,0x64,0x85,0x04,
0x13,0x23,0xA4,0x84,0x04,0x13,0x23,0xE3,0x84,0xA1,0x90,0x14,0x12,0x4C,0x8C,0x8C,0x0B,0x84,0xC4,0x4C,0x10,0x98,0xC1,0x08,
0x40,0x09,0x00,0x0A,0xE6,0x08,0xC0,0xA0,0x0C,0xC3,0x30,0x10,0x31,0x47,0x80,0x90,0x71,0xCF,0x70,0xF9,0x13,0xF6,0x10,0x92,
0x1F,0x02,0xCD,0xB0,0x10,0x28,0x38,0x66,0x00,0xCA,0x02,0x0C,0xC8,0x30,0x0C,0x49,0x92,0x24,0x06,0x29,0x85,0x18,0x86,0x61,
0x20,0xE6,0xA6,0xE1,0xF2,0x27,0xEC,0x21,0x24,0x7F,0x25,0xA4,0x95,0x98,0xFC,0xE2,0xB6,0x51,0x91,0x24,0x49,0x32,0x14,0xC5,
0x19,0x90,0x61,0x18,0x86,0x61,0x18,0xE8,0x29,0x43,0x32,0x24,0x14,0x15,0x22,0x19,0x92,0x84,0xA6,0xA3,0x86,0xCB,0x9F,0xB0,
0x87,0x90,0x7C,0x6E,0xA3,0x8A,0x95,0x98,0x7C,0xE4,0xB6,0x11,0x31,0x0C,0xC3,0x50,0x88,0x6A,0x40,0x06,0xB2,0xE6,0x08,0x82,
0x62,0x20,0x83,0x31,0x0C,0x18,0x65,0x03,0x01,0xC3,0x08,0x44,0x32,0x53,0x1B,0x8C,0x03,0x3B,0x84,0xC3,0x3C,0xCC,0x83,0x1B,
0xD0,0x42,0x39,0xE0,0x03,0x3D,0xD4,0x83,0x3C,0x94,0x83,0x1C,0x90,0x02,0x1F,0xD8,0x43,0x39,0x8C,0x03,0x3D,0xBC,0x83,0x3C,
0xF0,0x81,0x39,0xB0,0xC3,0x3B,0x84,0x03,0x3D,0xB0,0x01,0x18,0xD0,0x81,0x1F,0x80,0x81,0x1F,0xE8,0x81,0x1E,0xB4,0x43,0x3A,
0xC0,0xC3,0x3C,0xFC,0x02,0x3D,0xE4,0x03,0x3C,0x94,0x03,0x0A,0x86,0x99,0xC4,0x60,0x1C,0xD8,0x21,0x1C,0xE6,0x61,0x1E,0xDC,
0x80,0x16,0xCA,0x01,0x1F,0xE8,0xA1,0x1E,0xE4,0xA1,0x1C,0xE4,0x80,0x14,0xF8,0xC0,0x1E,0xCA,0x61,0x1C,0xE8,0xE1,0x1D,0xE4,
0x81,0x0F,0xCC,0x81,0x1D,0xDE,0x21,0x1C,0xE8,0x81,0x0D,0xC0,0x80,0x0E,0xFC,0x00,0x0C,0xFC,0x00,0x09,0x5C,0x47,0xDE,0x30,
0x82,0x90,0xCC,0x44,0x06,0xE3,0xC0,0x0E,0xE1,0x30,0x0F,0xF3,0xE0,0x06,0xB2,0x70,0x0B,0xB4,0x50,0x0E,0xF8,0x40,0x0F,0xF5,
0x20,0x0F,0xE5,0x20,0x07,0xA4,0xC0,0x07,0xF6,0x50,0x0E,0xE3,0x40,0x0F,0xEF,0x20,0x0F,0x7C,0x60,0x0E,0xEC,0xF0,0x0E,0xE1,
0x40,0x0F,0x6C,0x00,0x06,0x72,0xE0,0x07,0x60,0xE0,0x07,0x28,0x00,0x29,0x3C,0x48,0x9A,0x22,0x4A,0x98,0xFC,0x2F,0x02,0x18,
0xA2,0x03,0x26,0x00,0x21,0xC3,0x30,0x0C,0x43,0x32,0x0C,0x57,0x14,0x11,0xC0,0x10,0x28,0x18,0x89,0x04,0x13,0x14,0x72,0xC0,
0x87,0x74,0x60,0x87,0x36,0x68,0x87,0x79,0x68,0x03,0x72,0xC0,0x87,0x0D,0xAF,0x50,0x0E,0x6D,0xD0,0x0E,0x7A,0x50,0x0E,0x6D,
0x00,0x0F,0x7A,0x30,0x07,0x72,0xA0,0x07,0x73,0x20,0x07,0x6D,0x90,0x0E,0x71,0xA0,0x07,0x73,0x20,0x07,0x6D,0x90,0x0E,0x78,
0xA0,0x07,0x73,0x20,0x07,0x6D,0x90,0x0E,0x71,0x60,0x07,0x7A,0x30,0x07,0x72,0xD0,0x06,0xE9,0x30,0x07,0x72,0xA0,0x07,0x73,
0x20,0x07,0x6D,0x90,0x0E,0x76,0x40,0x07,0x7A,0x60,0x07,0x74,0xD0,0x06,0xE6,0x10,0x07,0x76,0xA0,0x07,0x73,0x20,0x07,0x6D,
0x60,0x0E,0x73,0x20,0x07,0x7A,0x30,0x07,0x72,0xD0,0x06,0xE6,0x60,0x07,0x74,0xA0,0x07,0x76,0x40,0x07,0x6D,0xE0,0x0E,0x78,
0xA0,0x07,0x71,0x60,0x07,0x7A,0x30,0x07,0x72,0xA0,0x07,0x76,0x40,0x07,0x43,0x9E,0x00,0x08,0x00,0x00,0x00,0x00,0x00,0x00,
0x00,0x00,0x00,0x86,0x3C,0x04,0x10,0x00,0x01,0x00,0x00,0x00,0x00,0x00,0x00,0x00,0x0C,0x79,0x14,0x20,0x00,0x04,0x00,0x00,
0x00,0x00,0x00,0x00,0x00,0x18,0xF2,0x30,0x40,0x00,0x04,0x00,0x00,0x00,0x00,0x00,0x00,0x00,0x30,0xE4,0x79,0x80,0x00,0x18,
0x00,0x00,0x00,0x00,0x00,0x00,0x00,0x60,0xC8,0x13,0x01,0x01,0x10,0x00,0x00,0x00,0x00,0x00,0x00,0x00,0xC0,0x90,0x67,0x02,
0x02,0x20,0x00,0x00,0x00,0x00,0x00,0x00,0x00,0x80,0x21,0x8F,0x05,0x04,0xC0,0x00,0x00,0x00,0x00,0x00,0x00,0x00,0x00,0x43,
0x9E,0x0C,0x08,0x80,0x01,0x00,0x00,0x00,0x00,0x00,0x00,0x00,0xB2,0x40,0x00,0x00,0x12,0x00,0x00,0x00,0x32,0x1E,0x98,0x18,
0x19,0x11,0x4C,0x90,0x8C,0x09,0x26,0x47,0xC6,0x04,0x43,0x1A,0x4A,0x60,0x04,0xA0,0x18,0x8A,0xA0,0x24,0xCA,0xA0,0x80,0xCA,
0xA1,0x14,0x0A,0xA1,0x20,0x0A,0xA3,0x40,0x0A,0xA5,0x60,0x0A,0xA7,0x1C,0x03,0x8A,0x76,0xA0,0xC4,0x8A,0x84,0xB0,0x11,0x00,
0xFA,0x66,0x00,0x48,0x9C,0x01,0xA0,0x71,0x06,0x80,0xC8,0x19,0x00,0x2A,0x67,0x00,0x00,0x00,0x00,0x00,0x79,0x18,0x00,0x00,
0xA5,0x00,0x00,0x00,0x1A,0x03,0x4C,0x90,0x46,0x02,0x13,0xC4,0x8E,0x0C,0x6F,0xEC,0xED,0x4D,0x0C,0x24,0xC6,0x25,0xC7,0x45,
0xC6,0x06,0x26,0xC7,0xA5,0x06,0x04,0x05,0x26,0x46,0xCC,0x46,0x26,0x8C,0x8C,0xE6,0x26,0x65,0x43,0x10,0x4C,0x10,0x86,0x64,
0x82,0x30,0x28,0x1B,0x84,0x81,0xD8,0x20,0x10,0x04,0x85,0xB1,0xB9,0x09,0xC2,0xB0,0x6C,0x18,0x0E,0x84,0x98,0x20,0x7C,0x1E,
0x11,0x38,0xB9,0x32,0xBB,0xB4,0xB7,0xBA,0xB9,0x09,0xC2,0xC0,0x4C,0x10,0x86,0x66,0x83,0x40,0x34,0x1B,0x12,0x42,0x59,0x08,
0x66,0x60,0x08,0x87,0xC7,0x58,0x9D,0x9C,0x5C,0x99,0x1B,0xDD,0x04,0x61,0x70,0x36,0x24,0x83,0x02,0x11,0xD1,0xC0,0x10,0xCE,
0x06,0xE1,0x91,0x26,0x08,0x62,0xF0,0x31,0x29,0x9B,0xA3,0x4B,0x6B,0x0B,0xA3,0x2B,0x23,0x9B,0x20,0x60,0xDD,0x86,0x85,0xA0,
0x2A,0x62,0x18,0x18,0xCB,0xB2,0x9C,0x0D,0xC1,0x35,0x41,0x28,0x03,0x31,0x60,0x61,0x26,0x17,0xD6,0x56,0x36,0x41,0x18,0x9E,
0x0D,0x08,0x91,0x69,0x04,0x31,0x6C,0xC0,0x86,0x80,0xDB,0x40,0x4C,0x58,0x07,0x4C,0x10,0xC6,0x00,0x0C,0x58,0xDC,0xA5,0x91,
0xD1,0xA1,0x4D,0x10,0x06,0x68,0x82,0x30,0x44,0x1B,0x0C,0x04,0x0C,0x22,0x22,0x0C,0xC4,0x80,0x06,0x5A,0x59,0xDA,0x19,0x1A,
0xDD,0x04,0x61,0x90,0x36,0x18,0x08,0x19,0x44,0x65,0x10,0x06,0x62,0x40,0xE2,0x2E,0x4C,0xAE,0x6D,0x82,0x30,0x4C,0x1B,0x0C,
0xE4,0x0C,0x22,0x34,0x08,0x03,0x31,0x20,0x22,0x57,0x66,0x57,0x26,0x37,0x57,0x46,0x36,0x41,0x18,0xA8,0x0D,0x06,0xA2,0x06,
0xD1,0x1A,0x84,0x81,0x18,0x70,0x61,0x7B,0x3B,0x0B,0x93,0x4B,0xA3,0x43,0x6B,0x4B,0x1B,0x9B,0x20,0x0C,0xD5,0x06,0x03,0x69,
0x83,0xC8,0x0D,0xC2,0x40,0x0C,0xF8,0x90,0x95,0xC1,0xD1,0xA1,0x35,0xD5,0xB1,0xD1,0xA5,0xC1,0xB1,0xA5,0x95,0xC9,0x4D,0x10,
0x06,0x6B,0x83,0x81,0xC0,0x41,0x14,0x07,0x61,0xD0,0x90,0x80,0x0B,0x23,0x83,0x99,0x20,0x0C,0xD7,0x06,0x03,0x99,0x83,0x88,
0x0E,0xC2,0x40,0x0C,0x48,0xC0,0x85,0x91,0xC5,0x4C,0x10,0x06,0x6C,0x83,0x81,0xD8,0x41,0x74,0x07,0x61,0x20,0x06,0x1B,0x92,
0x6D,0x0C,0xCC,0x20,0x0D,0xD8,0xE0,0x0D,0xE4,0xA0,0x0E,0xF0,0x60,0x82,0x40,0x06,0x61,0xB0,0x81,0x40,0xB4,0x88,0xD8,0x20,
0x6C,0x7B,0xB0,0xA1,0x20,0xBE,0x3C,0xD0,0x03,0x3E,0x98,0x20,0x08,0xC0,0x06,0x60,0xC3,0x40,0xFC,0xC1,0x1F,0x6C,0x08,0x40,
0x61,0xC3,0x30,0xF8,0x41,0x28,0x10,0x29,0x9A,0xA3,0x4B,0x6B,0x0B,0xA3,0x2B,0xDB,0x30,0xA0,0x01,0x1A,0x0C,0x1B,0x84,0x32,
0x20,0x85,0x0D,0x85,0x1F,0x8C,0x02,0xE0,0x95,0x02,0x11,0x31,0xB9,0x30,0xB7,0x31,0xB4,0xB2,0x39,0x1A,0x66,0x6C,0x6F,0x61,
0x74,0x73,0x13,0x84,0x21,0x63,0x91,0xE6,0x36,0x47,0x37,0x37,0x41,0x18,0x34,0x12,0x69,0x6E,0x74,0x73,0x13,0x84,0x61,0x23,
0x42,0x57,0x86,0xF7,0xC5,0xF6,0x16,0x46,0x36,0x41,0x18,0x38,0x26,0x74,0x65,0x78,0x5F,0x73,0x74,0x6F,0x72,0x65,0x2C,0xEA,
0xD2,0xDC,0xE8,0xE6,0x36,0x38,0xA7,0x80,0xA0,0x42,0x2A,0xA8,0xC2,0x2A,0xB0,0x42,0x2B,0xB8,0xC2,0x2B,0xC0,0x02,0x13,0x0B,
0x65,0x50,0x85,0x8D,0xCD,0xAE,0xCD,0x25,0x8D,0xAC,0xCC,0x8D,0x6E,0x4A,0x10,0x54,0x21,0xC3,0x73,0xB1,0x2B,0x93,0x9B,0x4B,
0x7B,0x73,0x9B,0x12,0x10,0x4D,0xC8,0xF0,0x5C,0xEC,0xC2,0xD8,0xEC,0xCA,0xE4,0xA6,0x04,0x45,0x1D,0x32,0x3C,0x97,0x39,0xB4,
0x30,0xB2,0x32,0xB9,0xA6,0x37,0xB2,0x32,0xB6,0x29,0x01,0x52,0x86,0x0C,0xCF,0x45,0xAE,0x6C,0xEE,0xAD,0x4E,0x6E,0xAC,0x6C,
0x6E,0x4A,0xD0,0x55,0x22,0xC3,0x73,0xA1,0xCB,0x83,0x2B,0x0B,0x72,0x73,0x7B,0xA3,0x0B,0xA3,0x4B,0x7B,0x73,0x9B,0x9B,0x22,
0xF0,0x41,0x28,0xD4,0x21,0xC3,0x73,0x29,0x73,0xA3,0x93,0xCB,0x83,0x7A,0x4B,0x73,0xA3,0x9B,0x9B,0x12,0x94,0x42,0x17,0x32,
0x3C,0x97,0xB1,0xB7,0x3A,0x37,0xBA,0x32,0xB9,0xB9,0x29,0x41,0x2C,0x00,0x00,0x00,0x79,0x18,0x00,0x00,0x55,0x00,0x00,0x00,
0x33,0x08,0x80,0x1C,0xC4,0xE1,0x1C,0x66,0x14,0x01,0x3D,0x88,0x43,0x38,0x84,0xC3,0x8C,0x42,0x80,0x07,0x79,0x78,0x07,0x73,
0x98,0x71,0x0C,0xE6,0x00,0x0F,0xED,0x10,0x0E,0xF4,0x80,0x0E,0x33,0x0C,0x42,0x1E,0xC2,0xC1,0x1D,0xCE,0xA1,0x1C,0x66,0x30,
0x05,0x3D,0x88,0x43,0x38,0x84,0x83,0x1B,0xCC,0x03,0x3D,0xC8,0x43,0x3D,0x8C,0x03,0x3D,0xCC,0x78,0x8C,0x74,0x70,0x07,0x7B,
0x08,0x07,0x79,0x48,0x87,0x70,0x70,0x07,0x7A,0x70,0x03,0x76,0x78,0x87,0x70,0x20,0x87,0x19,0xCC,0x11,0x0E,0xEC,0x90,0x0E,
0xE1,0x30,0x0F,0x6E,0x30,0x0F,0xE3,0xF0,0x0E,0xF0,0x50,0x0E,0x33,0x10,0xC4,0x1D,0xDE,0x21,0x1C,0xD8,0x21,0x1D,0xC2,0x61,
0x1E,0x66,0x30,0x89,0x3B,0xBC,0x83,0x3B,0xD0,0x43,0x39,0xB4,0x03,0x3C,0xBC,0x83,0x3C,0x84,0x03,0x3B,0xCC,0xF0,0x14,0x76,
0x60,0x07,0x7B,0x68,0x07,0x37,0x68,0x87,0x72,0x68,0x07,0x37,0x80,0x87,0x70,0x90,0x87,0x70,0x60,0x07,0x76,0x28,0x07,0x76,
0xF8,0x05,0x76,0x78,0x87,0x77,0x80,0x87,0x5F,0x08,0x87,0x71,0x18,0x87,0x72,0x98,0x87,0x79,0x98,0x81,0x2C,0xEE,0xF0,0x0E,
0xEE,0xE0,0x0E,0xF5,0xC0,0x0E,0xEC,0x30,0x03,0x62,0xC8,0xA1,0x1C,0xE4,0xA1,0x1C,0xCC,0xA1,0x1C,0xE4,0xA1,0x1C,0xDC,0x61,
0x1C,0xCA,0x21,0x1C,0xC4,0x81,0x1D,0xCA,0x61,0x06,0xD6,0x90,0x43,0x39,0xC8,0x43,0x39,0x98,0x43,0x39,0xC8,0x43,0x39,0xB8,
0xC3,0x38,0x94,0x43,0x38,0x88,0x03,0x3B,0x94,0xC3,0x2F,0xBC,0x83,0x3C,0xFC,0x82,0x3B,0xD4,0x03,0x3B,0xB0,0xC3,0x0C,0xC4,
0x21,0x07,0x7C,0x70,0x03,0x7A,0x28,0x87,0x76,0x80,0x87,0x19,0xCA,0xC3,0x0E,0xEC,0x60,0x0F,0xED,0xE0,0x06,0xEC,0xF0,0x0E,
0xEF,0x00,0x0F,0x33,0x22,0x88,0x1C,0xF0,0xC1,0x0D,0xC8,0x41,0x1C,0xCE,0xC1,0x0D,0xEC,0x21,0x1C,0xE4,0x81,0x1D,0xC2,0x21,
0x1F,0xDE,0xA1,0x1E,0xE8,0x61,0x06,0x13,0x91,0x03,0x3E,0xB8,0x81,0x38,0xC8,0x43,0x39,0x84,0xC3,0x3A,0xB8,0x81,0x38,0xC8,
0x03,0x00,0x00,0x00,0x71,0x20,0x00,0x00,0x24,0x00,0x00,0x00,0x06,0x80,0x78,0xD2,0x84,0x30,0xC0,0x44,0x98,0x01,0x34,0x5C,
0xBE,0xF3,0xF8,0x01,0xD2,0x00,0x11,0xE6,0x17,0xB7,0x6D,0x03,0xD0,0x70,0xF9,0xCE,0xE3,0x07,0x48,0x03,0x44,0x98,0x8F,0xDC,
0xB6,0x1D,0x6C,0xC3,0xE5,0x3B,0x8F,0x2F,0x04,0x54,0x51,0x10,0x51,0xE9,0x00,0x43,0x49,0x18,0x80,0x80,0xF9,0xC8,0x6D,0x1B,
0x82,0x34,0x5C,0xBE,0xF3,0xF8,0x42,0x44,0x00,0x13,0x11,0x02,0xCD,0xB0,0x10,0x46,0x50,0x0D,0x97,0xEF,0x3C,0xFE,0x44,0x5C,
0x13,0x15,0x11,0xA5,0x03,0x0C,0x7E,0x71,0xDB,0x26,0x60,0x0D,0x97,0xEF,0x3C,0xFE,0x44,0x5C,0x13,0x15,0x11,0xEC,0xE4,0x44,
0x84,0x5F,0xDC,0xB6,0x05,0x48,0xC3,0xE5,0x3B,0x8F,0x3F,0x1D,0x11,0x01,0x0C,0xE2,0xE0,0x23,0xB7,0x6D,0x05,0xCF,0x70,0xF9,
0xCE,0xE3,0x53,0x0D,0x10,0x61,0x7E,0x71,0xDB,0x00,0x00,0x00,0x00,0x00,0x00,0x00,0x48,0x41,0x53,0x48,0x14,0x00,0x00,0x00,
0x00,0x00,0x00,0x00,0x90,0x5F,0x59,0x0F,0x2B,0xA7,0x8E,0x12,0x3F,0x60,0xDC,0x71,0x2D,0x06,0x49,0xF4,0x44,0x58,0x49,0x4C,
0x7C,0x0D,0x00,0x00,0x60,0x00,0x05,0x00,0x5F,0x03,0x00,0x00,0x44,0x58,0x49,0x4C,0x00,0x01,0x00,0x00,0x10,0x00,0x00,0x00,
0x64,0x0D,0x00,0x00,0x42,0x43,0xC0,0xDE,0x21,0x0C,0x00,0x00,0x56,0x03,0x00,0x00,0x0B,0x82,0x20,0x00,0x02,0x00,0x00,0x00,
0x13,0x00,0x00,0x00,0x07,0x81,0x23,0x91,0x41,0xC8,0x04,0x49,0x06,0x10,0x32,0x39,0x92,0x01,0x84,0x0C,0x25,0x05,0x08,0x19,
0x1E,0x04,0x8B,0x62,0x80,0x18,0x45,0x02,0x42,0x92,0x0B,0x42,0xC4,0x10,0x32,0x14,0x38,0x08,0x18,0x4B,0x0A,0x32,0x62,0x88,
0x48,0x90,0x14,0x20,0x43,0x46,0x88,0xA5,0x00,0x19,0x32,0x42,0xE4,0x48,0x0E,0x90,0x11,0x23,0xC4,0x50,0x41,0x51,0x81,0x8C,
0xE1,0x83,0xE5,0x8A,0x04,0x31,0x46,0x06,0x51,0x18,0x00,0x00,0x08,0x00,0x00,0x00,0x1B,0x8C,0xE0,0xFF,0xFF,0xFF,0xFF,0x07,
0x40,0x02,0xA8,0x0D,0x84,0xF0,0xFF,0xFF,0xFF,0xFF,0x03,0x20,0x6D,0x30,0x86,0xFF,0xFF,0xFF,0xFF,0x1F,0x00,0x09,0xA8,0x00,
0x49,0x18,0x00,0x00,0x03,0x00,0x00,0x00,0x13,0x82,0x60,0x42,0x20,0x4C,0x08,0x06,0x00,0x00,0x00,0x00,0x89,0x20,0x00,0x00,
0x62,0x00,0x00,0x00,0x32,0x22,0x88,0x09,0x20,0x64,0x85,0x04,0x13,0x23,0xA4,0x84,0x04,0x13,0x23,0xE3,0x84,0xA1,0x90,0x14,
0x12,0x4C,0x8C,0x8C,0x0B,0x84,0xC4,0x4C,0x10,0x9C,0xC1,0x08,0x40,0x09,0x00,0x0A,0xE6,0x08,0xC0,0xA0,0x0C,0xC3,0x30,0x10,
0x31,0x47,0x80,0x90,0x71,0xCF,0x70,0xF9,0x13,0xF6,0x10,0x92,0x1F,0x02,0xCD,0xB0,0x10,0x28,0x38,0x66,0x00,0xCA,0x02,0x0C,
0xC8,0x30,0x0C,0x49,0x92,0x24,0x06,0x29,0x85,0x18,0x86,0x61,0x20,0xE6,0xA6,0xE1,0xF2,0x27,0xEC,0x21,0x24,0x7F,0x25,0xA4,
0x95,0x98,0xFC,0xE2,0xB6,0x51,0x91,0x24,0x49,0x32,0x14,0xC5,0x19,0x90,0x61,0x18,0x86,0x61,0x18,0xE8,0x29,0x43,0x32,0x24,
0x14,0x15,0x22,0x19,0x92,0x84,0xA6,0xA3,0x86,0xCB,0x9F,0xB0,0x87,0x90,0x7C,0x6E,0xA3,0x8A,0x95,0x98,0x7C,0xE4,0xB6,0x11,
0x31,0x0C,0xC3,0x50,0x88,0x6A,0x40,0x06,0xB2,0xE6,0x08,0x82,0x62,0x20,0x83,0x31,0x0C,0x18,0x65,0x03,0x01,0xC3,0x08,0x44,
0x32,0x53,0x1B,0x8C,0x03,0x3B,0x84,0xC3,0x3C,0xCC,0x83,0x1B,0xD0,0x42,0x39,0xE0,0x03,0x3D,0xD4,0x83,0x3C,0x94,0x83,0x1C,
0x90,0x02,0x1F,0xD8,0x43,0x39,0x8C,0x03,0x3D,0xBC,0x83,0x3C,0xF0,0x81,0x39,0xB0,0xC3,0x3B,0x84,0x03,0x3D,0xB0,0x01,0x18,
0xD0,0x81,0x1F,0x80,0x81,0x1F,0xE8,0x81,0x1E,0xB4,0x43,0x3A,0xC0,0xC3,0x3C,0xFC,0x02,0x3D,0xE4,0x03,0x3C,0x94,0x03,0x0A,
0x86,0x99,0xC4,0x60,0x1C,0xD8,0x21,0x1C,0xE6,0x61,0x1E,0xDC,0x80,0x16,0xCA,0x01,0x1F,0xE8,0xA1,0x1E,0xE4,0xA1,0x1C,0xE4,
0x80,0x14,0xF8,0xC0,0x1E,0xCA,0x61,0x1C,0xE8,0xE1,0x1D,0xE4,0x81,0x0F,0xCC,0x81,0x1D,0xDE,0x21,0x1C,0xE8,0x81,0x0D,0xC0,
0x80,0x0E,0xFC,0x00,0x0C,0xFC,0x00,0x09,0x5C,0x47,0xDE,0x30,0x82,0x90,0xCC,0x44,0x06,0xE3,0xC0,0x0E,0xE1,0x30,0x0F,0xF3,
0xE0,0x06,0xB2,0x70,0x0B,0xB4,0x50,0x0E,0xF8,0x40,0x0F,0xF5,0x20,0x0F,0xE5,0x20,0x07,0xA4,0xC0,0x07,0xF6,0x50,0x0E,0xE3,
0x40,0x0F,0xEF,0x20,0x0F,0x7C,0x60,0x0E,0xEC,0xF0,0x0E,0xE1,0x40,0x0F,0x6C,0x00,0x06,0x72,0xE0,0x07,0x60,0xE0,0x07,0x28,
0x00,0x29,0x3C,0x48,0x9A,0x22,0x4A,0x98,0xFC,0x2F,0x02,0x18,0xA2,0x03,0x26,0x00,0x21,0xC3,0x30,0x0C,0x43,0x32,0x0C,0x57,
0x14,0x11,0xC0,0x10,0x28,0x18,0x89,0x9C,0x02,0x00,0x00,0x00,0x13,0x14,0x72,0xC0,0x87,0x74,0x60,0x87,0x36,0x68,0x87,0x79,
0x68,0x03,0x72,0xC0,0x87,0x0D,0xAF,0x50,0x0E,0x6D,0xD0,0x0E,0x7A,0x50,0x0E,0x6D,0x00,0x0F,0x7A,0x30,0x07,0x72,0xA0,0x07,
0x73,0x20,0x07,0x6D,0x90,0x0E,0x71,0xA0,0x07,0x73,0x20,0x07,0x6D,0x90,0x0E,0x78,0xA0,0x07,0x73,0x20,0x07,0x6D,0x90,0x0E,
0x71,0x60,0x07,0x7A,0x30,0x07,0x72,0xD0,0x06,0xE9,0x30,0x07,0x72,0xA0,0x07,0x73,0x20,0x07,0x6D,0x90,0x0E,0x76,0x40,0x07,
0x7A,0x60,0x07,0x74,0xD0,0x06,0xE6,0x10,0x07,0x76,0xA0,0x07,0x73,0x20,0x07,0x6D,0x60,0x0E,0x73,0x20,0x07,0x7A,0x30,0x07,
0x72,0xD0,0x06,0xE6,0x60,0x07,0x74,0xA0,0x07,0x76,0x40,0x07,0x6D,0xE0,0x0E,0x78,0xA0,0x07,0x71,0x60,0x07,0x7A,0x30,0x07,
0x72,0xA0,0x07,0x76,0x40,0x07,0x43,0x9E,0x00,0x00,0x00,0x00,0x00,0x00,0x00,0x00,0x00,0x00,0x00,0x86,0x3C,0x04,0x10,0x00,
0x01,0x00,0x00,0x00,0x00,0x00,0x00,0x00,0x0C,0x79,0x14,0x20,0x00,0x04,0x00,0x00,0x00,0x00,0x00,0x00,0x00,0x18,0xF2,0x30,
0x40,0x00,0x04,0x00,0x00,0x00,0x00,0x00,0x00,0x00,0x30,0xE4,0x79,0x80,0x00,0x18,0x00,0x00,0x00,0x00,0x00,0x00,0x00,0x60,
0xC8,0x13,0x01,0x01,0x10,0x00,0x00,0x00,0x00,0x00,0x00,0x00,0xC0,0x90,0x67,0x02,0x02,0x20,0x00,0x00,0x00,0x00,0x00,0x00,
0x00,0x80,0x21,0x8F,0x05,0x04,0xC0,0x00,0x00,0x00,0x00,0x00,0x00,0x00,0x00,0x43,0x9E,0x0C,0x08,0x80,0x01,0x00,0x00,0x00,
0x00,0x00,0x00,0x00,0xB2,0x40,0x00,0x00,0x0B,0x00,0x00,0x00,0x32,0x1E,0x98,0x14,0x19,0x11,0x4C,0x90,0x8C,0x09,0x26,0x47,
0xC6,0x04,0x43,0x1A,0x4A,0x60,0x04,0xA0,0x24,0x8A,0xA1,0x08,0xCA,0xA0,0x80,0x0A,0xA1,0x20,0x08,0x1B,0x01,0xA0,0x6F,0x06,
0x80,0xC4,0x19,0x00,0x2A,0x67,0x00,0x00,0x79,0x18,0x00,0x00,0x4E,0x00,0x00,0x00,0x1A,0x03,0x4C,0x90,0x46,0x02,0x13,0xC4,
0x8E,0x0C,0x6F,0xEC,0xED,0x4D,0x0C,0x24,0xC6,0x25,0xC7,0x45,0xC6,0x06,0x26,0xC7,0xA5,0x06,0x04,0x05,0x26,0x46,0xCC,0x46,
0x26,0x8C,0x8C,0xE6,0x26,0x65,0x43,0x10,0x4C,0x10,0x86,0x64,0x82,0x30,0x28,0x1B,0x84,0x81,0x98,0x20,0x0C,0xCB,0x06,0x61,
0x30,0x28,0x8C,0xCD,0x4D,0x10,0x06,0x66,0xC3,0x80,0x24,0xC4,0x04,0xE1,0x9B,0x08,0x4C,0x10,0x86,0x66,0x83,0x40,0x18,0x1B,
0x12,0x62,0x61,0x88,0x66,0x68,0x08,0x67,0x82,0x30,0x38,0x1B,0x92,0x61,0x61,0x08,0x68,0x68,0x08,0x67,0x83,0xF0,0x44,0x13,
0x04,0x31,0xA0,0x26,0x08,0x98,0xB4,0x61,0x21,0x26,0x86,0x18,0x86,0x86,0xA2,0x28,0x67,0x43,0x50,0x4D,0x10,0xCA,0xA0,0x9A,
0x20,0x0C,0xCF,0x06,0x84,0xB8,0x18,0x82,0x18,0x30,0x60,0x43,0x90,0x6D,0x20,0x24,0x4B,0x03,0x26,0x08,0x02,0x40,0xA4,0x68,
0x8E,0x2E,0xAD,0x2D,0x8C,0xAE,0x6C,0x82,0x30,0x40,0x13,0x84,0x21,0xDA,0x30,0x7C,0xDF,0xB0,0x41,0xF0,0xC0,0x60,0x43,0xC1,
0x75,0xC0,0x16,0x06,0xC4,0xD8,0xD8,0xEC,0xDA,0x5C,0xD8,0xDE,0xDE,0xE0,0x5C,0xEA,0xDC,0xE4,0xDE,0xD8,0xD8,0x5C,0xC8,0xD2,
0xE6,0xC2,0xC4,0xD8,0xCA,0x36,0x04,0x63,0xB0,0x42,0x28,0x03,0x32,0x58,0x21,0x98,0x01,0x19,0x54,0x61,0x63,0xB3,0x6B,0x73,
0x49,0x23,0x2B,0x73,0xA3,0x9B,0x12,0x04,0x55,0xC8,0xF0,0x5C,0xEC,0xCA,0xE4,0xE6,0xD2,0xDE,0xDC,0xA6,0x04,0x44,0x13,0x32,
0x3C,0x17,0xBB,0x30,0x36,0xBB,0x32,0xB9,0x29,0x81,0x51,0x87,0x0C,0xCF,0x65,0x0E,0x2D,0x8C,0xAC,0x4C,0xAE,0xE9,0x8D,0xAC,
0x8C,0x6D,0x4A,0x90,0x94,0x21,0xC3,0x73,0x91,0x2B,0x9B,0x7B,0xAB,0x93,0x1B,0x2B,0x9B,0x9B,0x12,0x68,0x75,0xC8,0xF0,0x5C,
0xCA,0xDC,0xE8,0xE4,0xF2,0xA0,0xDE,0xD2,0xDC,0xE8,0xE6,0xA6,0x04,0x61,0x00,0x00,0x79,0x18,0x00,0x00,0x55,0x00,0x00,0x00,
0x33,0x08,0x80,0x1C,0xC4,0xE1,0x1C,0x66,0x14,0x01,0x3D,0x88,0x43,0x38,0x84,0xC3,0x8C,0x42,0x80,0x07,0x79,0x78,0x07,0x73,
0x98,0x71,0x0C,0xE6,0x00,0x0F,0xED,0x10,0x0E,0xF4,0x80,0x0E,0x33,0x0C,0x42,0x1E,0xC2,0xC1,0x1D,0xCE,0xA1,0x1C,0x66,0x30,
0x05,0x3D,0x88,0x43,0x38,0x84,0x83,0x1B,0xCC,0x03,0x3D,0xC8,0x43,0x3D,0x8C,0x03,0x3D,0xCC,0x78,0x8C,0x74,0x70,0x07,0x7B,
0x08,0x07,0x79,0x48,0x87,0x70,0x70,0x07,0x7A,0x70,0x03,0x76,0x78,0x87,0x70,0x20,0x87,0x19,0xCC,0x11,0x0E,0xEC,0x90,0x0E,
0xE1,0x30,0x0F,0x6E,0x30,0x0F,0xE3,0xF0,0x0E,0xF0,0x50,0x0E,0x33,0x10,0xC4,0x1D,0xDE,0x21,0x1C,0xD8,0x21,0x1D,0xC2,0x61,
0x1E,0x66,0x30,0x89,0x3B,0xBC,0x83,0x3B,0xD0,0x43,0x39,0xB4,0x03,0x3C,0xBC,0x83,0x3C,0x84,0x03,0x3B,0xCC,0xF0,0x14,0x76,
0x60,0x07,0x7B,0x68,0x07,0x37,0x68,0x87,0x72,0x68,0x07,0x37,0x80,0x87,0x70,0x90,0x87,0x70,0x60,0x07,0x76,0x28,0x07,0x76,
0xF8,0x05,0x76,0x78,0x87,0x77,0x80,0x87,0x5F,0x08,0x87,0x71,0x18,0x87,0x72,0x98,0x87,0x79,0x98,0x81,0x2C,0xEE,0xF0,0x0E,
0xEE,0xE0,0x0E,0xF5,0xC0,0x0E,0xEC,0x30,0x03,0x62,0xC8,0xA1,0x1C,0xE4,0xA1,0x1C,0xCC,0xA1,0x1C,0xE4,0xA1,0x1C,0xDC,0x61,
0x1C,0xCA,0x21,0x1C,0xC4,0x81,0x1D,0xCA,0x61,0x06,0xD6,0x90,0x43,0x39,0xC8,0x43,0x39,0x98,0x43,0x39,0xC8,0x43,0x39,0xB8,
0xC3,0x38,0x94,0x43,0x38,0x88,0x03,0x3B,0x94,0xC3,0x2F,0xBC,0x83,0x3C,0xFC,0x82,0x3B,0xD4,0x03,0x3B,0xB0,0xC3,0x0C,0xC4,
0x21,0x07,0x7C,0x70,0x03,0x7A,0x28,0x87,0x76,0x80,0x87,0x19,0xCA,0xC3,0x0E,0xEC,0x60,0x0F,0xED,0xE0,0x06,0xEC,0xF0,0x0E,
0xEF,0x00,0x0F,0x33,0x22,0x88,0x1C,0xF0,0xC1,0x0D,0xC8,0x41,0x1C,0xCE,0xC1,0x0D,0xEC,0x21,0x1C,0xE4,0x81,0x1D,0xC2,0x21,
0x1F,0xDE,0xA1,0x1E,0xE8,0x61,0x06,0x13,0x91,0x03,0x3E,0xB8,0x81,0x38,0xC8,0x43,0x39,0x84,0xC3,0x3A,0xB8,0x81,0x38,0xC8,
0x03,0x00,0x00,0x00,0x71,0x20,0x00,0x00,0x24,0x00,0x00,0x00,0x06,0x80,0x78,0xD2,0x84,0x30,0xC0,0x44,0x98,0x01,0x34,0x5C,
0xBE,0xF3,0xF8,0x01,0xD2,0x00,0x11,0xE6,0x17,0xB7,0x6D,0x03,0xD0,0x70,0xF9,0xCE,0xE3,0x07,0x48,0x03,0x44,0x98,0x8F,0xDC,
0xB6,0x1D,0x6C,0xC3,0xE5,0x3B,0x8F,0x2F,0x04,0x54,0x51,0x10,0x51,0xE9,0x00,0x43,0x49,0x18,0x80,0x80,0xF9,0xC8,0x6D,0x1B,
0x82,0x34,0x5C,0xBE,0xF3,0xF8,0x42,0x44,0x00,0x13,0x11,0x02,0xCD,0xB0,0x10,0x46,0x50,0x0D,0x97,0xEF,0x3C,0xFE,0x44,0x5C,
0x13,0x15,0x11,0xA5,0x03,0x0C,0x7E,0x71,0xDB,0x26,0x60,0x0D,0x97,0xEF,0x3C,0xFE,0x44,0x5C,0x13,0x15,0x11,0xEC,0xE4,0x44,
0x84,0x5F,0xDC,0xB6,0x05,0x48,0xC3,0xE5,0x3B,0x8F,0x3F,0x1D,0x11,0x01,0x0C,0xE2,0xE0,0x23,0xB7,0x6D,0x05,0xCF,0x70,0xF9,
0xCE,0xE3,0x53,0x0D,0x10,0x61,0x7E,0x71,0xDB,0x00,0x00,0x00,0x61,0x20,0x00,0x00,0xB0,0x01,0x00,0x00,0x13,0x04,0x4C,0x2C,
0x10,0x00,0x00,0x00,0x14,0x00,0x00,0x00,0x34,0xCC,0x00,0x14,0x61,0x40,0x29,0x15,0x53,0x0D,0x94,0x5C,0xE9,0x06,0x94,0x61,
0x40,0x1D,0x94,0x5D,0x19,0x91,0x31,0x02,0x50,0x1E,0x25,0x50,0x04,0x94,0x8C,0x00,0x8C,0x11,0x80,0x20,0x08,0xA2,0x60,0x30,
0x46,0x90,0xDF,0xA0,0x1A,0xA2,0xC1,0x18,0x01,0x08,0x82,0x20,0xFA,0x8D,0x11,0xDC,0x78,0x3B,0xB6,0xDC,0x18,0x81,0x39,0xE7,
0xAC,0xFB,0x8D,0x11,0xB4,0xE6,0x9C,0xD3,0xDE,0x18,0xC1,0x3B,0x93,0x26,0xDA,0x01,0x23,0x06,0x09,0x00,0x82,0x60,0x90,0x95,
0x81,0xA4,0x8C,0x01,0x19,0x6C,0x23,0x06,0x09,0x00,0x82,0x60,0x90,0x99,0xC1,0xD4,0x94,0x01,0x18,0x70,0x23,0x06,0x09,0x00,
0x82,0x60,0x90,0x9D,0x01,0xE5,0x94,0x81,0x18,0x74,0x23,0x06,0x09,0x00,0x82,0x60,0x90,0xA1,0x41,0xC5,0x98,0x81,0x19,0x78,
0x23,0x06,0x06,0x00,0x82,0x60,0x40,0xC0,0x41,0x75,0x06,0x23,0x06,0x06,0x00,0x82,0x60,0x40,0xC4,0x81,0x95,0x06,0x23,0x06,
0x07,0x00,0x82,0x60,0x60,0xB1,0x01,0x35,0xA4,0xC1,0x68,0x42,0x00,0x54,0x70,0x06,0x50,0x41,0x1A,0xE0,0x68,0x02,0x11,0x54,
0xA0,0x06,0x50,0x01,0x1B,0xE0,0x70,0x43,0x42,0x9C,0xC1,0x70,0x43,0x22,0x9C,0x41,0x09,0xC1,0xCE,0x32,0x2C,0x41,0x30,0x9A,
0xA0,0x08,0xC3,0x0D,0x01,0x1D,0x80,0xC1,0x2C,0xC3,0x20,0x04,0xB3,0x04,0xC4,0x88,0x81,0x03,0x80,0x20,0x18,0x28,0x7D,0x20,
0x06,0x92,0xD3,0xA4,0x81,0xA6,0x69,0x5A,0x37,0x4B,0xB0,0x0C,0x54,0x0C,0xB3,0x62,0x88,0x82,0x30,0x50,0x31,0x9C,0x8A,0xC1,
0x0E,0xC2,0x40,0xC5,0x70,0x2A,0x86,0x3B,0x08,0x03,0x15,0xC9,0x9C,0x18,0x7A,0x20,0x0C,0x54,0x24,0xA5,0x62,0xE0,0x81,0x30,
0x4B,0x50,0x0C,0x54,0x0C,0xAC,0x40,0x94,0x4A,0x31,0x50,0x31,0x28,0x44,0x9F,0x14,0x03,0x15,0x83,0x42,0xF4,0x49,0x31,0x50,
0x91,0x28,0x44,0x9A,0x14,0x03,0x15,0x89,0x42,0xEC,0x49,0x61,0xD3,0x1B,0x80,0xC0,0x22,0x38,0x00,0x41,0x69,0x71,0x00,0xA5,
0xC9,0x01,0x8C,0x18,0x1C,0x00,0x08,0x82,0x01,0xA3,0x0A,0x75,0x20,0x8C,0xC2,0x88,0xC1,0x01,0x80,0x20,0x18,0x30,0xAB,0x60,
0x07,0x02,0x29,0x8C,0x18,0x1C,0x00,0x08,0x82,0x01,0xC3,0x0A,0x76,0x20,0x18,0x23,0x06,0x07,0x00,0x82,0x60,0xC0,0xB4,0xC2,
0x1D,0x08,0x46,0x35,0x60,0x00,0x15,0xE0,0x01,0x14,0x15,0x06,0x50,0x81,0x1E,0xC0,0x88,0xC1,0x01,0x80,0x20,0x18,0x30,0xB2,
0xD0,0x07,0xC3,0x2A,0x8C,0x18,0x1C,0x00,0x08,0x82,0x01,0x33,0x0B,0x7E,0x20,0xB0,0xC2,0x88,0xC1,0x01,0x80,0x20,0x18,0x30,
0xB4,0xE0,0x07,0x82,0x33,0x62,0x70,0x00,0x20,0x08,0x06,0x4C,0x2D,0xFC,0x81,0xE0,0x8C,0x18,0x34,0x00,0x08,0x82,0xC1,0x53,
0x0B,0xA2,0xB0,0x06,0xAF,0xA0,0x24,0xA3,0x30,0x0A,0xA3,0x30,0x0A,0xA3,0x09,0x01,0x30,0x9A,0x20,0x04,0x23,0x06,0x0D,0x00,
0x82,0x60,0xF0,0xE0,0x42,0x29,0xB4,0x81,0x2C,0x14,0x84,0x29,0x98,0x82,0x29,0x98,0xC2,0x68,0x42,0x00,0x8C,0x26,0x08,0x81,
0x15,0x42,0x7C,0x46,0x0C,0x0C,0x00,0x04,0xC1,0x20,0xDA,0x05,0x5A,0x08,0xCC,0x18,0xE2,0x33,0x62,0x60,0x00,0x20,0x08,0x06,
0x51,0x2F,0xD8,0x42,0x30,0x62,0x70,0x00,0x20,0x08,0x06,0x0C,0x38,0xAC,0x82,0x1C,0xE4,0xC2,0x88,0xC1,0x01,0x80,0x20,0x18,
0x30,0xE1,0xB0,0x0A,0xC1,0x36,0x62,0x70,0x00,0x20,0x08,0x06,0x8C,0x38,0xB4,0x02,0xB5,0x0B,0x23,0x06,0x07,0x00,0x82,0x60,
0xC0,0x8C,0x43,0x2B,0x04,0xDD,0x88,0x41,0x03,0x80,0x20,0x18,0x3C,0xE3,0x00,0x0B,0x79,0xD0,0x0B,0xC3,0x15,0x0B,0xB1,0x10,
0x0B,0xB1,0x30,0x9A,0x10,0x00,0xA3,0x09,0x42,0x30,0x62,0xD0,0x00,0x20,0x08,0x06,0x8F,0x39,0xCC,0xC2,0x1E,0x80,0x03,0x21,
0xD1,0x02,0x2D,0xD0,0x02,0x2D,0x8C,0x26,0x04,0xC0,0x68,0x82,0x10,0x58,0x21,0xC4,0x67,0xC4,0xC0,0x00,0x40,0x10,0x0C,0xA2,
0x74,0x10,0x87,0xC0,0x8C,0x21,0x3E,0x23,0x06,0x06,0x00,0x82,0x60,0x10,0xAD,0x03,0x39,0x04,0x05,0x0A,0xE8,0x00,0x23,0x06,
0x07,0x00,0x82,0x60,0xC0,0xBC,0x83,0x2E,0x04,0xE8,0x30,0x62,0x70,0x00,0x20,0x08,0x06,0x0C,0x3C,0xE8,0x42,0xA0,0x06,0x35,
0x06,0xEB,0x00,0x23,0x06,0x07,0x00,0x82,0x60,0xC0,0xC8,0x43,0x2F,0x04,0xEB,0x30,0x62,0x70,0x00,0x20,0x08,0x06,0xCC,0x3C,
0xF4,0x42,0xD0,0x06,0x23,0x06,0x0D,0x00,0x82,0x60,0xF0,0xCC,0x03,0x38,0xA4,0x42,0x3B,0x10,0x67,0x10,0x0E,0xE1,0x10,0x0E,
0xE1,0x30,0x9A,0x10,0x00,0xA3,0x09,0x42,0x30,0x62,0xD0,0x00,0x20,0x08,0x06,0x8F,0x3D,0x8C,0xC3,0x2A,0xC0,0x03,0x21,0x06,
0xE4,0x40,0x0E,0xE4,0x40,0x0E,0xA3,0x09,0x01,0x30,0x9A,0x20,0x04,0x56,0x08,0xF1,0x19,0x31,0x30,0x00,0x10,0x04,0x83,0x28,
0x1F,0xE4,0x21,0x30,0x63,0x88,0xCF,0x88,0x81,0x01,0x80,0x20,0x18,0x44,0xFB,0x40,0x0F,0xC1,0x88,0xC1,0x01,0x80,0x20,0x18,
0x30,0xFE,0x90,0x0E,0xAF,0x70,0x0F,0x23,0x06,0x07,0x00,0x82,0x60,0xC0,0xFC,0x43,0x3A,0x04,0x78,0x30,0x62,0x70,0x00,0x20,
0x08,0x06,0x0C,0x48,0xAC,0x03,0x1C,0xE4,0xC3,0x88,0xC1,0x01,0x80,0x20,0x18,0x30,0x21,0xB1,0x0E,0x81,0x1E,0x8C,0x18,0x34,
0x00,0x08,0x82,0xC1,0x13,0x12,0xEE,0x70,0x0B,0xFB,0x60,0x07,0xC3,0x3B,0xBC,0xC3,0x3B,0xBC,0xC3,0x68,0x42,0x00,0x8C,0x26,
0x08,0xC1,0x88,0x41,0x03,0x80,0x20,0x18,0x3C,0x24,0x11,0x0F,0xB9,0xE0,0x0F,0x71,0x40,0xC8,0x83,0x3C,0xC8,0x83,0x3C,0x8C,
0x26,0x04,0xC0,0x68,0x82,0x10,0x58,0x21,0xC4,0x67,0xC4,0xC0,0x00,0x40,0x10,0x0C,0xA2,0x93,0x00,0x89,0xC0,0x8C,0x21,0x3E,
0x23,0x06,0x06,0x00,0x82,0x60,0x10,0xA5,0x84,0x48,0x04,0x23,0x06,0x0D,0x00,0x82,0x60,0xF0,0xAC,0x04,0x3E,0x84,0x43,0x49,
0xAC,0x41,0x93,0x0F,0xF9,0x90,0x0F,0xF9,0x30,0x9A,0x10,0x00,0xA3,0x09,0x42,0x30,0x62,0xD0,0x00,0x20,0x08,0x06,0x8F,0x4B,
0xEC,0xC3,0x38,0xA0,0x04,0x1B,0x38,0xFC,0xC0,0x0F,0xFC,0xC0,0x0F,0xA3,0x09,0x01,0x30,0x9A,0x20,0x04,0x56,0x08,0xF1,0x19,
0x31,0x30,0x00,0x10,0x04,0x83,0x28,0x26,0x54,0x22,0x30,0x63,0x88,0xCF,0x88,0x81,0x01,0x80,0x20,0x18,0x44,0x33,0xC1,0x12,
0xC1,0x88,0x41,0x03,0x80,0x20,0x18,0x3C,0x35,0x21,0x12,0xEB,0xF0,0x12,0x66,0x70,0x8D,0xC4,0x48,0x8C,0xC4,0x48,0x8C,0x26,
0x04,0xC0,0x68,0x82,0x10,0x8C,0x18,0x34,0x00,0x08,0x82,0xC1,0x83,0x13,0x25,0xD1,0x0E,0x32,0x61,0x06,0x98,0x49,0x98,0x84,
0x49,0x98,0xC4,0x68,0x42,0x00,0x8C,0x26,0x08,0x81,0x15,0x42,0x7C,0x46,0x0C,0x0C,0x00,0x04,0xC1,0x20,0xDA,0x09,0x9A,0x08,
0xCC,0x18,0xE2,0x33,0x62,0x60,0x00,0x20,0x08,0x06,0x51,0x4F,0xD8,0x44,0x50,0xF1,0xA0,0x13,0x30,0x62,0x70,0x00,0x20,0x08,
0x06,0x4C,0x58,0xB0,0x44,0xA0,0x13,0x23,0x06,0x07,0x00,0x82,0x60,0xC0,0x88,0x05,0x4B,0x04,0xBB,0x50,0xB3,0xD0,0x13,0x30,
0x62,0x70,0x00,0x20,0x08,0x06,0x0C,0x59,0xBC,0x44,0xD0,0x13,0x23,0x06,0x07,0x00,0x82,0x60,0xC0,0x94,0xC5,0x4B,0x04,0xBE,
0x30,0x62,0xD0,0x00,0x20,0x08,0x06,0x4F,0x59,0xC8,0xC4,0x3E,0xFC,0x84,0x2E,0x10,0x33,0x31,0x13,0x33,0x31,0x13,0xA3,0x09,
0x01,0x30,0x9A,0x20,0x04,0x23,0x06,0x0D,0x00,0x82,0x60,0xF0,0xA0,0x45,0x4D,0xF4,0x83,0x58,0xD4,0x02,0x61,0x13,0x36,0x61,
0x13,0x36,0x31,0x9A,0x10,0x00,0xA3,0x09,0x42,0x60,0x85,0x10,0x9F,0x11,0x03,0x03,0x00,0x41,0x30,0x88,0xD6,0x82,0x2C,0x02,
0x33,0x86,0xF8,0x8C,0x18,0x18,0x00,0x08,0x82,0x41,0xD4,0x16,0x66,0x11,0x8C,0x18,0x34,0x00,0x08,0x82,0xC1,0xF3,0x16,0x3C,
0x51,0x12,0x69,0xF1,0x0A,0x4E,0x4F,0xF4,0x44,0x4F,0xF4,0xC4,0x68,0x42,0x00,0x8C,0x26,0x08,0xC1,0x88,0x41,0x03,0x80,0x20,
0x18,0x3C,0x72,0xF1,0x13,0x27,0xC1,0x16,0xB0,0xE0,0x80,0x05,0x58,0x80,0x05,0x58,0x8C,0x26,0x04,0xC0,0x68,0x82,0x10,0x58,
0x21,0xC4,0x67,0xC4,0xC0,0x00,0x40,0x10,0x0C,0xA2,0xBA,0x70,0x8B,0xC0,0x8C,0x21,0x3E,0x23,0x06,0x06,0x00,0x82,0x60,0x10,
0xDD,0x05,0x5C,0x04,0x23,0x06,0x0D,0x00,0x82,0x60,0xF0,0xE4,0x85,0x59,0xBC,0xC4,0x5C,0xA8,0x02,0x76,0x16,0x67,0x71,0x16,
0x67,0x31,0x9A,0x10,0x00,0xA3,0x09,0x42,0x30,0x62,0xD0,0x00,0x20,0x08,0x06,0x0F,0x5F,0xA4,0x45,0x4C,0xD8,0x85,0x2A,0x60,
0x6A,0xA1,0x16,0x6A,0xA1,0x16,0xA3,0x09,0x01,0x30,0x9A,0x20,0x04,0x56,0x08,0xF1,0x19,0x31,0x30,0x00,0x10,0x04,0x83,0xE8,
0x2F,0xF0,0x22,0x30,0x63,0x88,0xCF,0x88,0x81,0x01,0x80,0x20,0x18,0x44,0xA1,0xA1,0x17,0x81,0xDD,0x42,0x39,0xC0,0xC7,0x02,
0x54,0x80,0x8F,0x05,0x7B,0x00,0x1F,0x0B,0xE4,0x00,0x3E,0x16,0xA4,0x01,0x7C,0x2C,0xD0,0xE0,0x63,0x41,0x04,0x1F,0x0B,0x10,
0xF8,0x58,0x70,0x16,0xF2,0x31,0x71,0x80,0x07,0xF8,0x58,0x30,0x0B,0xF0,0xB1,0xC0,0x14,0xE0,0x63,0x41,0x1F,0xC0,0xC7,0x02,
0x3A,0x80,0x8F,0x05,0x65,0x00,0x1F,0x0B,0x38,0xF8,0x58,0x30,0xC1,0xC7,0x82,0x04,0x3E,0x55,0x13,0x3A,0xB1,0xC3,0x0D,0x01,
0x6C,0x80,0xC1,0x74,0xC3,0x40,0x13,0x81,0xE1,0x04,0x4E,0x88,0xC0,0x7C,0xC2,0x27,0x44,0x60,0x42,0x00,0x83,0x0B,0x12,0xB3,
0xE0,0x2E,0xE4,0x63,0x49,0x00,0x9F,0xE1,0x88,0x40,0x27,0x88,0x6F,0xBA,0xE1,0x27,0x7C,0x22,0x98,0x6E,0x28,0x0B,0x9F,0x10,
0xA6,0x1B,0x88,0x9E,0x18,0x4C,0x2C,0x7A,0x03,0x04,0xC3,0x0D,0xC1,0x6D,0x80,0xC1,0x2C,0x83,0x51,0x04,0x96,0x16,0xBF,0x01,
0x82,0xE1,0x86,0x20,0x37,0xC0,0x60,0x96,0xE1,0x20,0x82,0xE1,0x88,0x02,0x34,0x84,0x6F,0x96,0x21,0x41,0x02,0x83,0x8C,0xF8,
0x58,0x14,0x1A,0xF2,0x19,0x31,0x38,0x00,0x10,0x04,0x83,0xE9,0x3C,0x5A,0x23,0x34,0x82,0xE1,0x88,0x21,0x20,0xBE,0x59,0x86,
0x44,0x09,0x66,0x09,0x94,0x81,0x8A,0x41,0x75,0x12,0x0C,0x19,0xA8,0x18,0x58,0x27,0xC1,0x90,0x13,0x12,0x3B,0x21,0x31,0x13,
0x5A,0x43,0x3E,0x26,0xB8,0x86,0x7C,0x2E,0x34,0x92,0xBA,0xBF,0x48,0xCA,0x08,0x81,0x3E,0x46,0x08,0xF4,0x19,0x31,0x70,0x00,
0x10,0x04,0x03,0xE5,0x3E,0x78,0x83,0x35,0x50,0xE3,0x34,0xC6,0x43,0x08,0x04,0xE1,0x36,0x66,0x09,0x16,0x0C,0x88,0x01,0x00,
0x03,0x00,0x00,0x00,0x5B,0x86,0xD0,0x78,0xC8,0x60,0xCB,0x40,0x1A,0x4F,0x19,0x00,0x00,0x00,0x00,0x00,0x00,0x00,0x00,0x00
};
alignas(4) inline constexpr unsigned char Estimate_spirv[] = {
0x03,0x02,0x23,0x07,0x00,0x03,0x01,0x00,0x00,0x00,0x0E,0x00,0x88,0x01,0x00,0x00,0x00,0x00,0x00,0x00,0x11,0x00,0x02,0x00,
0x01,0x00,0x00,0x00,0x11,0x00,0x02,0x00,0x31,0x00,0x00,0x00,0x0B,0x00,0x06,0x00,0x01,0x00,0x00,0x00,0x47,0x4C,0x53,0x4C,
0x2E,0x73,0x74,0x64,0x2E,0x34,0x35,0x30,0x00,0x00,0x00,0x00,0x0E,0x00,0x03,0x00,0x00,0x00,0x00,0x00,0x01,0x00,0x00,0x00,
0x0F,0x00,0x07,0x00,0x05,0x00,0x00,0x00,0x02,0x00,0x00,0x00,0x45,0x73,0x74,0x69,0x6D,0x61,0x74,0x65,0x00,0x00,0x00,0x00,
0x03,0x00,0x00,0x00,0x10,0x00,0x06,0x00,0x02,0x00,0x00,0x00,0x11,0x00,0x00,0x00,0x08,0x00,0x00,0x00,0x08,0x00,0x00,0x00,
0x01,0x00,0x00,0x00,0x03,0x00,0x03,0x00,0x05,0x00,0x00,0x00,0x58,0x02,0x00,0x00,0x05,0x00,0x0A,0x00,0x04,0x00,0x00,0x00,
0x74,0x79,0x70,0x65,0x2E,0x43,0x6F,0x6E,0x73,0x74,0x61,0x6E,0x74,0x42,0x75,0x66,0x66,0x65,0x72,0x2E,0x46,0x72,0x61,0x6D,
0x65,0x44,0x61,0x74,0x61,0x00,0x00,0x00,0x06,0x00,0x05,0x00,0x04,0x00,0x00,0x00,0x00,0x00,0x00,0x00,0x77,0x69,0x64,0x74,
0x68,0x00,0x00,0x00,0x06,0x00,0x05,0x00,0x04,0x00,0x00,0x00,0x01,0x00,0x00,0x00,0x68,0x65,0x69,0x67,0x68,0x74,0x00,0x00,
0x06,0x00,0x05,0x00,0x04,0x00,0x00,0x00,0x02,0x00,0x00,0x00,0x77,0x61,0x72,0x6D,0x00,0x00,0x00,0x00,0x06,0x00,0x06,0x00,
0x04,0x00,0x00,0x00,0x03,0x00,0x00,0x00,0x72,0x65,0x76,0x65,0x72,0x73,0x65,0x64,0x00,0x00,0x00,0x00,0x06,0x00,0x06,0x00,
0x04,0x00,0x00,0x00,0x04,0x00,0x00,0x00,0x6C,0x6F,0x67,0x61,0x72,0x69,0x74,0x68,0x6D,0x69,0x63,0x00,0x06,0x00,0x07,0x00,
0x04,0x00,0x00,0x00,0x05,0x00,0x00,0x00,0x64,0x65,0x70,0x74,0x68,0x4D,0x75,0x6C,0x74,0x69,0x70,0x6C,0x69,0x65,0x72,0x00,
0x06,0x00,0x05,0x00,0x04,0x00,0x00,0x00,0x06,0x00,0x00,0x00,0x70,0x61,0x64,0x30,0x00,0x00,0x00,0x00,0x06,0x00,0x05,0x00,
0x04,0x00,0x00,0x00,0x07,0x00,0x00,0x00,0x70,0x61,0x64,0x31,0x00,0x00,0x00,0x00,0x05,0x00,0x04,0x00,0x05,0x00,0x00,0x00,
0x66,0x72,0x61,0x6D,0x65,0x00,0x00,0x00,0x05,0x00,0x06,0x00,0x06,0x00,0x00,0x00,0x74,0x79,0x70,0x65,0x2E,0x32,0x64,0x2E,
0x69,0x6D,0x61,0x67,0x65,0x00,0x00,0x00,0x05,0x00,0x05,0x00,0x07,0x00,0x00,0x00,0x70,0x72,0x65,0x76,0x69,0x6F,0x75,0x73,
0x00,0x00,0x00,0x00,0x05,0x00,0x04,0x00,0x08,0x00,0x00,0x00,0x63,0x75,0x72,0x72,0x65,0x6E,0x74,0x00,0x05,0x00,0x06,0x00,
0x09,0x00,0x00,0x00,0x74,0x79,0x70,0x65,0x2E,0x32,0x64,0x2E,0x69,0x6D,0x61,0x67,0x65,0x00,0x00,0x00,0x05,0x00,0x05,0x00,
0x0A,0x00,0x00,0x00,0x65,0x73,0x74,0x69,0x6D,0x61,0x74,0x65,0x64,0x00,0x00,0x00,0x05,0x00,0x05,0x00,0x02,0x00,0x00,0x00,
0x45,0x73,0x74,0x69,0x6D,0x61,0x74,0x65,0x00,0x00,0x00,0x00,0x47,0x00,0x04,0x00,0x03,0x00,0x00,0x00,0x0B,0x00,0x00,0x00,
0x1C,0x00,0x00,0x00,0x47,0x00,0x04,0x00,0x07,0x00,0x00,0x00,0x22,0x00,0x00,0x00,0x00,0x00,0x00,0x00,0x47,0x00,0x04,0x00,
0x07,0x00,0x00,0x00,0x21,0x00,0x00,0x00,0x02,0x00,0x00,0x00,0x47,0x00,0x04,0x00,0x08,0x00,0x00,0x00,0x22,0x00,0x00,0x00,
0x00,0x00,0x00,0x00,0x47,0x00,0x04,0x00,0x08,0x00,0x00,0x00,0x21,0x00,0x00,0x00,0x03,0x00,0x00,0x00,0x47,0x00,0x04,0x00,
0x0A,0x00,0x00,0x00,0x22,0x00,0x00,0x00,0x00,0x00,0x00,0x00,0x47,0x00,0x04,0x00,0x0A,0x00,0x00,0x00,0x21,0x00,0x00,0x00,
0x06,0x00,0x00,0x00,0x48,0x00,0x05,0x00,0x04,0x00,0x00,0x00,0x00,0x00,0x00,0x00,0x23,0x00,0x00,0x00,0x00,0x00,0x00,0x00,
0x48,0x00,0x05,0x00,0x04,0x00,0x00,0x00,0x01,0x00,0x00,0x00,0x23,0x00,0x00,0x00,0x04,0x00,0x00,0x00,0x48,0x00,0x05,0x00,
0x04,0x00,0x00,0x00,0x02,0x00,0x00,0x00,0x23,0x00,0x00,0x00,0x08,0x00,0x00,0x00,0x48,0x00,0x05,0x00,0x04,0x00,0x00,0x00,
0x03,0x00,0x00,0x00,0x23,0x00,0x00,0x00,0x0C,0x00,0x00,0x00,0x48,0x00,0x05,0x00,0x04,0x00,0x00,0x00,0x04,0x00,0x00,0x00,
0x23,0x00,0x00,0x00,0x10,0x00,0x00,0x00,0x48,0x00,0x05,0x00,0x04,0x00,0x00,0x00,0x05,0x00,0x00,0x00,0x23,0x00,0x00,0x00,
0x14,0x00,0x00,0x00,0x48,0x00,0x05,0x00,0x04,0x00,0x00,0x00,0x06,0x00,0x00,0x00,0x23,0x00,0x00,0x00,0x18,0x00,0x00,0x00,
0x48,0x00,0x05,0x00,0x04,0x00,0x00,0x00,0x07,0x00,0x00,0x00,0x23,0x00,0x00,0x00,0x1C,0x00,0x00,0x00,0x47,0x00,0x03,0x00,
0x04,0x00,0x00,0x00,0x02,0x00,0x00,0x00,0x15,0x00,0x04,0x00,0x0B,0x00,0x00,0x00,0x20,0x00,0x00,0x00,0x01,0x00,0x00,0x00,
0x2B,0x00,0x04,0x00,0x0B,0x00,0x00,0x00,0x0C,0x00,0x00,0x00,0x02,0x00,0x00,0x00,0x15,0x00,0x04,0x00,0x0D,0x00,0x00,0x00,
0x20,0x00,0x00,0x00,0x00,0x00,0x00,0x00,0x2B,0x00,0x04,0x00,0x0D,0x00,0x00,0x00,0x0E,0x00,0x00,0x00,0x00,0x00,0x00,0x00,
0x16,0x00,0x03,0x00,0x0F,0x00,0x00,0x00,0x20,0x00,0x00,0x00,0x2B,0x00,0x04,0x00,0x0F,0x00,0x00,0x00,0x10,0x00,0x00,0x00,
0x00,0x00,0x00,0x00,0x17,0x00,0x04,0x00,0x11,0x00,0x00,0x00,0x0F,0x00,0x00,0x00,0x02,0x00,0x00,0x00,0x2C,0x00,0x05,0x00,
0x11,0x00,0x00,0x00,0x12,0x00,0x00,0x00,0x10,0x00,0x00,0x00,0x10,0x00,0x00,0x00,0x2B,0x00,0x04,0x00,0x0F,0x00,0x00,0x00,
0x13,0x00,0x00,0x00,0xF9,0x02,0x15,0x50,0x2B,0x00,0x04,0x00,0x0B,0x00,0x00,0x00,0x14,0x00,0x00,0x00,0x00,0x00,0x00,0x00,
0x17,0x00,0x04,0x00,0x15,0x00,0x00,0x00,0x0B,0x00,0x00,0x00,0x02,0x00,0x00,0x00,0x2C,0x00,0x05,0x00,0x15,0x00,0x00,0x00,
0x16,0x00,0x00,0x00,0x14,0x00,0x00,0x00,0x14,0x00,0x00,0x00,0x2B,0x00,0x04,0x00,0x0B,0x00,0x00,0x00,0x17,0x00,0x00,0x00,
0xFD,0xFF,0xFF,0xFF,0x2B,0x00,0x04,0x00,0x0B,0x00,0x00,0x00,0x18,0x00,0x00,0x00,0x03,0x00,0x00,0x00,0x2B,0x00,0x04,0x00,
0x0B,0x00,0x00,0x00,0x19,0x00,0x00,0x00,0xFF,0xFF,0xFF,0xFF,0x2B,0x00,0x04,0x00,0x0B,0x00,0x00,0x00,0x1A,0x00,0x00,0x00,
0x01,0x00,0x00,0x00,0x2C,0x00,0x05,0x00,0x15,0x00,0x00,0x00,0x1B,0x00,0x00,0x00,0x1A,0x00,0x00,0x00,0x1A,0x00,0x00,0x00,
0x2B,0x00,0x04,0x00,0x0F,0x00,0x00,0x00,0x1C,0x00,0x00,0x00,0x00,0x00,0x80,0x3E,0x14,0x00,0x02,0x00,0x1D,0x00,0x00,0x00,
0x2A,0x00,0x03,0x00,0x1D,0x00,0x00,0x00,0x1E,0x00,0x00,0x00,0x2B,0x00,0x04,0x00,0x0F,0x00,0x00,0x00,0x1F,0x00,0x00,0x00,
0x17,0xB7,0xD1,0x38,0x2B,0x00,0x04,0x00,0x0F,0x00,0x00,0x00,0x20,0x00,0x00,0x00,0x66,0x66,0xE6,0x3E,0x29,0x00,0x03,0x00,
0x1D,0x00,0x00,0x00,0x21,0x00,0x00,0x00,0x2B,0x00,0x04,0x00,0x0F,0x00,0x00,0x00,0x22,0x00,0x00,0x00,0x6F,0x12,0x83,0x3A,
0x2B,0x00,0x04,0x00,0x0F,0x00,0x00,0x00,0x23,0x00,0x00,0x00,0xCD,0xCC,0x4C,0x3D,0x2B,0x00,0x04,0x00,0x0F,0x00,0x00,0x00,
0x24,0x00,0x00,0x00,0x00,0x00,0x80,0x40,0x2B,0x00,0x04,0x00,0x0D,0x00,0x00,0x00,0x25,0x00,0x00,0x00,0x03,0x00,0x00,0x00,
0x2B,0x00,0x04,0x00,0x0D,0x00,0x00,0x00,0x26,0x00,0x00,0x00,0x04,0x00,0x00,0x00,0x1E,0x00,0x0A,0x00,0x04,0x00,0x00,0x00,
0x0D,0x00,0x00,0x00,0x0D,0x00,0x00,0x00,0x0D,0x00,0x00,0x00,0x0D,0x00,0x00,0x00,0x0D,0x00,0x00,0x00,0x0F,0x00,0x00,0x00,
0x0D,0x00,0x00,0x00,0x0D,0x00,0x00,0x00,0x20,0x00,0x04,0x00,0x27,0x00,0x00,0x00,0x09,0x00,0x00,0x00,0x04,0x00,0x00,0x00,
0x19,0x00,0x09,0x00,0x06,0x00,0x00,0x00,0x0F,0x00,0x00,0x00,0x01,0x00,0x00,0x00,0x02,0x00,0x00,0x00,0x00,0x00,0x00,0x00,
0x00,0x00,0x00,0x00,0x01,0x00,0x00,0x00,0x00,0x00,0x00,0x00,0x20,0x00,0x04,0x00,0x28,0x00,0x00,0x00,0x00,0x00,0x00,0x00,
0x06,0x00,0x00,0x00,0x19,0x00,0x09,0x00,0x09,0x00,0x00,0x00,0x0F,0x00,0x00,0x00,0x01,0x00,0x00,0x00,0x02,0x00,0x00,0x00,
0x00,0x00,0x00,0x00,0x00,0x00,0x00,0x00,0x02,0x00,0x00,0x00,0x07,0x00,0x00,0x00,0x20,0x00,0x04,0x00,0x29,0x00,0x00,0x00,
0x00,0x00,0x00,0x00,0x09,0x00,0x00,0x00,0x17,0x00,0x04,0x00,0x2A,0x00,0x00,0x00,0x0D,0x00,0x00,0x00,0x03,0x00,0x00,0x00,
0x20,0x00,0x04,0x00,0x2B,0x00,0x00,0x00,0x01,0x00,0x00,0x00,0x2A,0x00,0x00,0x00,0x13,0x00,0x02,0x00,0x2C,0x00,0x00,0x00,
0x21,0x00,0x03,0x00,0x2D,0x00,0x00,0x00,0x2C,0x00,0x00,0x00,0x17,0x00,0x04,0x00,0x2E,0x00,0x00,0x00,0x0D,0x00,0x00,0x00,
0x02,0x00,0x00,0x00,0x17,0x00,0x04,0x00,0x2F,0x00,0x00,0x00,0x1D,0x00,0x00,0x00,0x02,0x00,0x00,0x00,0x20,0x00,0x04,0x00,
0x30,0x00,0x00,0x00,0x09,0x00,0x00,0x00,0x0D,0x00,0x00,0x00,0x17,0x00,0x04,0x00,0x31,0x00,0x00,0x00,0x0B,0x00,0x00,0x00,
0x03,0x00,0x00,0x00,0x17,0x00,0x04,0x00,0x32,0x00,0x00,0x00,0x0F,0x00,0x00,0x00,0x04,0x00,0x00,0x00,0x3B,0x00,0x04,0x00,
0x27,0x00,0x00,0x00,0x05,0x00,0x00,0x00,0x09,0x00,0x00,0x00,0x3B,0x00,0x04,0x00,0x28,0x00,0x00,0x00,0x07,0x00,0x00,0x00,
0x00,0x00,0x00,0x00,0x3B,0x00,0x04,0x00,0x28,0x00,0x00,0x00,0x08,0x00,0x00,0x00,0x00,0x00,0x00,0x00,0x3B,0x00,0x04,0x00,
0x29,0x00,0x00,0x00,0x0A,0x00,0x00,0x00,0x00,0x00,0x00,0x00,0x3B,0x00,0x04,0x00,0x2B,0x00,0x00,0x00,0x03,0x00,0x00,0x00,
0x01,0x00,0x00,0x00,0x2C,0x00,0x05,0x00,0x15,0x00,0x00,0x00,0x33,0x00,0x00,0x00,0x19,0x00,0x00,0x00,0x19,0x00,0x00,0x00,
0x2C,0x00,0x05,0x00,0x15,0x00,0x00,0x00,0x34,0x00,0x00,0x00,0x14,0x00,0x00,0x00,0x19,0x00,0x00,0x00,0x2C,0x00,0x05,0x00,
0x15,0x00,0x00,0x00,0x35,0x00,0x00,0x00,0x1A,0x00,0x00,0x00,0x19,0x00,0x00,0x00,0x2C,0x00,0x05,0x00,0x15,0x00,0x00,0x00,
0x36,0x00,0x00,0x00,0x19,0x00,0x00,0x00,0x14,0x00,0x00,0x00,0x2C,0x00,0x05,0x00,0x15,0x00,0x00,0x00,0x37,0x00,0x00,0x00,
0x1A,0x00,0x00,0x00,0x14,0x00,0x00,0x00,0x2C,0x00,0x05,0x00,0x15,0x00,0x00,0x00,0x38,0x00,0x00,0x00,0x19,0x00,0x00,0x00,
0x1A,0x00,0x00,0x00,0x2C,0x00,0x05,0x00,0x15,0x00,0x00,0x00,0x39,0x00,0x00,0x00,0x14,0x00,0x00,0x00,0x1A,0x00,0x00,0x00,
0x36,0x00,0x05,0x00,0x2C,0x00,0x00,0x00,0x02,0x00,0x00,0x00,0x00,0x00,0x00,0x00,0x2D,0x00,0x00,0x00,0xF8,0x00,0x02,0x00,
0x3A,0x00,0x00,0x00,0x3D,0x00,0x04,0x00,0x2A,0x00,0x00,0x00,0x3B,0x00,0x00,0x00,0x03,0x00,0x00,0x00,0xF7,0x00,0x03,0x00,
0x3C,0x00,0x00,0x00,0x00,0x00,0x00,0x00,0xFB,0x00,0x03,0x00,0x0E,0x00,0x00,0x00,0x3D,0x00,0x00,0x00,0xF8,0x00,0x02,0x00,
0x3D,0x00,0x00,0x00,0x41,0x00,0x05,0x00,0x30,0x00,0x00,0x00,0x3E,0x00,0x00,0x00,0x05,0x00,0x00,0x00,0x14,0x00,0x00,0x00,
0x3D,0x00,0x04,0x00,0x0D,0x00,0x00,0x00,0x3F,0x00,0x00,0x00,0x3E,0x00,0x00,0x00,0x80,0x00,0x05,0x00,0x0D,0x00,0x00,0x00,
0x40,0x00,0x00,0x00,0x3F,0x00,0x00,0x00,0x25,0x00,0x00,0x00,0x86,0x00,0x05,0x00,0x0D,0x00,0x00,0x00,0x41,0x00,0x00,0x00,
0x40,0x00,0x00,0x00,0x26,0x00,0x00,0x00,0x7C,0x00,0x04,0x00,0x0B,0x00,0x00,0x00,0x42,0x00,0x00,0x00,0x41,0x00,0x00,0x00,
0x41,0x00,0x05,0x00,0x30,0x00,0x00,0x00,0x43,0x00,0x00,0x00,0x05,0x00,0x00,0x00,0x1A,0x00,0x00,0x00,0x3D,0x00,0x04,0x00,
0x0D,0x00,0x00,0x00,0x44,0x00,0x00,0x00,0x43,0x00,0x00,0x00,0x80,0x00,0x05,0x00,0x0D,0x00,0x00,0x00,0x45,0x00,0x00,0x00,
0x44,0x00,0x00,0x00,0x25,0x00,0x00,0x00,0x86,0x00,0x05,0x00,0x0D,0x00,0x00,0x00,0x46,0x00,0x00,0x00,0x45,0x00,0x00,0x00,
0x26,0x00,0x00,0x00,0x7C,0x00,0x04,0x00,0x0B,0x00,0x00,0x00,0x47,0x00,0x00,0x00,0x46,0x00,0x00,0x00,0x50,0x00,0x05,0x00,
0x15,0x00,0x00,0x00,0x48,0x00,0x00,0x00,0x42,0x00,0x00,0x00,0x47,0x00,0x00,0x00,0x4F,0x00,0x07,0x00,0x2E,0x00,0x00,0x00,
0x49,0x00,0x00,0x00,0x3B,0x00,0x00,0x00,0x3B,0x00,0x00,0x00,0x00,0x00,0x00,0x00,0x01,0x00,0x00,0x00,0x7C,0x00,0x04,0x00,
0x15,0x00,0x00,0x00,0x4A,0x00,0x00,0x00,0x49,0x00,0x00,0x00,0xAF,0x00,0x05,0x00,0x2F,0x00,0x00,0x00,0x4B,0x00,0x00,0x00,
0x4A,0x00,0x00,0x00,0x48,0x00,0x00,0x00,0x9A,0x00,0x04,0x00,0x1D,0x00,0x00,0x00,0x4C,0x00,0x00,0x00,0x4B,0x00,0x00,0x00,
0xF7,0x00,0x03,0x00,0x4D,0x00,0x00,0x00,0x00,0x00,0x00,0x00,0xFA,0x00,0x04,0x00,0x4C,0x00,0x00,0x00,0x4E,0x00,0x00,0x00,
0x4D,0x00,0x00,0x00,0xF8,0x00,0x02,0x00,0x4E,0x00,0x00,0x00,0xF9,0x00,0x02,0x00,0x3C,0x00,0x00,0x00,0xF8,0x00,0x02,0x00,
0x4D,0x00,0x00,0x00,0x41,0x00,0x05,0x00,0x30,0x00,0x00,0x00,0x4F,0x00,0x00,0x00,0x05,0x00,0x00,0x00,0x0C,0x00,0x00,0x00,
0x3D,0x00,0x04,0x00,0x0D,0x00,0x00,0x00,0x50,0x00,0x00,0x00,0x4F,0x00,0x00,0x00,0xAA,0x00,0x05,0x00,0x1D,0x00,0x00,0x00,
0x51,0x00,0x00,0x00,0x50,0x00,0x00,0x00,0x0E,0x00,0x00,0x00,0xF7,0x00,0x03,0x00,0x52,0x00,0x00,0x00,0x00,0x00,0x00,0x00,
0xFA,0x00,0x04,0x00,0x51,0x00,0x00,0x00,0x53,0x00,0x00,0x00,0x52,0x00,0x00,0x00,0xF8,0x00,0x02,0x00,0x53,0x00,0x00,0x00,
0x3D,0x00,0x04,0x00,0x09,0x00,0x00,0x00,0x54,0x00,0x00,0x00,0x0A,0x00,0x00,0x00,0x63,0x00,0x05,0x00,0x54,0x00,0x00,0x00,
0x49,0x00,0x00,0x00,0x12,0x00,0x00,0x00,0x00,0x00,0x00,0x00,0xF9,0x00,0x02,0x00,0x3C,0x00,0x00,0x00,0xF8,0x00,0x02,0x00,
0x52,0x00,0x00,0x00,0xF9,0x00,0x02,0x00,0x55,0x00,0x00,0x00,0xF8,0x00,0x02,0x00,0x55,0x00,0x00,0x00,0xF5,0x00,0x07,0x00,
0x15,0x00,0x00,0x00,0x56,0x00,0x00,0x00,0x16,0x00,0x00,0x00,0x52,0x00,0x00,0x00,0x57,0x00,0x00,0x00,0x58,0x00,0x00,0x00,
0xF5,0x00,0x07,0x00,0x0F,0x00,0x00,0x00,0x59,0x00,0x00,0x00,0x10,0x00,0x00,0x00,0x52,0x00,0x00,0x00,0x5A,0x00,0x00,0x00,
0x58,0x00,0x00,0x00,0xF5,0x00,0x07,0x00,0x0F,0x00,0x00,0x00,0x5B,0x00,0x00,0x00,0x13,0x00,0x00,0x00,0x52,0x00,0x00,0x00,
0x5C,0x00,0x00,0x00,0x58,0x00,0x00,0x00,0xF5,0x00,0x07,0x00,0x0B,0x00,0x00,0x00,0x5D,0x00,0x00,0x00,0x17,0x00,0x00,0x00,
0x52,0x00,0x00,0x00,0x5E,0x00,0x00,0x00,0x58,0x00,0x00,0x00,0xB3,0x00,0x05,0x00,0x1D,0x00,0x00,0x00,0x5F,0x00,0x00,0x00,
0x5D,0x00,0x00,0x00,0x18,0x00,0x00,0x00,0xF6,0x00,0x04,0x00,0x60,0x00,0x00,0x00,0x58,0x00,0x00,0x00,0x02,0x00,0x00,0x00,
0xFA,0x00,0x04,0x00,0x5F,0x00,0x00,0x00,0x61,0x00,0x00,0x00,0x60,0x00,0x00,0x00,0xF8,0x00,0x02,0x00,0x61,0x00,0x00,0x00,
0xF9,0x00,0x02,0x00,0x62,0x00,0x00,0x00,0xF8,0x00,0x02,0x00,0x62,0x00,0x00,0x00,0xF5,0x00,0x07,0x00,0x0F,0x00,0x00,0x00,
0x5C,0x00,0x00,0x00,0x5B,0x00,0x00,0x00,0x61,0x00,0x00,0x00,0x63,0x00,0x00,0x00,0x64,0x00,0x00,0x00,0xF5,0x00,0x07,0x00,
0x0B,0x00,0x00,0x00,0x65,0x00,0x00,0x00,0x17,0x00,0x00,0x00,0x61,0x00,0x00,0x00,0x66,0x00,0x00,0x00,0x64,0x00,0x00,0x00,
0xF5,0x00,0x07,0x00,0x15,0x00,0x00,0x00,0x57,0x00,0x00,0x00,0x56,0x00,0x00,0x00,0x61,0x00,0x00,0x00,0x67,0x00,0x00,0x00,
0x64,0x00,0x00,0x00,0xF5,0x00,0x07,0x00,0x0F,0x00,0x00,0x00,0x5A,0x00,0x00,0x00,0x59,0x00,0x00,0x00,0x61,0x00,0x00,0x00,
0x68,0x00,0x00,0x00,0x64,0x00,0x00,0x00,0xB3,0x00,0x05,0x00,0x1D,0x00,0x00,0x00,0x69,0x00,0x00,0x00,0x65,0x00,0x00,0x00,
0x18,0x00,0x00,0x00,0xF6,0x00,0x04,0x00,0x6A,0x00,0x00,0x00,0x64,0x00,0x00,0x00,0x02,0x00,0x00,0x00,0xFA,0x00,0x04,0x00,
0x69,0x00,0x00,0x00,0x6B,0x00,0x00,0x00,0x6A,0x00,0x00,0x00,0xF8,0x00,0x02,0x00,0x6B,0x00,0x00,0x00,0x80,0x00,0x05,0x00,
0x15,0x00,0x00,0x00,0x6C,0x00,0x00,0x00,0x4A,0x00,0x00,0x00,0x33,0x00,0x00,0x00,0x82,0x00,0x05,0x00,0x15,0x00,0x00,0x00,
0x6D,0x00,0x00,0x00,0x48,0x00,0x00,0x00,0x1B,0x00,0x00,0x00,0x0C,0x00,0x08,0x00,0x15,0x00,0x00,0x00,0x6E,0x00,0x00,0x00,
0x01,0x00,0x00,0x00,0x2D,0x00,0x00,0x00,0x6C,0x00,0x00,0x00,0x16,0x00,0x00,0x00,0x6D,0x00,0x00,0x00,0x80,0x00,0x05,0x00,
0x0B,0x00,0x00,0x00,0x6F,0x00,0x00,0x00,0x19,0x00,0x00,0x00,0x65,0x00,0x00,0x00,0x80,0x00,0x05,0x00,0x0B,0x00,0x00,0x00,
0x70,0x00,0x00,0x00,0x19,0x00,0x00,0x00,0x5D,0x00,0x00,0x00,0x50,0x00,0x05,0x00,0x15,0x00,0x00,0x00,0x71,0x00,0x00,0x00,
0x6F,0x00,0x00,0x00,0x70,0x00,0x00,0x00,0x80,0x00,0x05,0x00,0x15,0x00,0x00,0x00,0x72,0x00,0x00,0x00,0x4A,0x00,0x00,0x00,
0x71,0x00,0x00,0x00,0x0C,0x00,0x08,0x00,0x15,0x00,0x00,0x00,0x73,0x00,0x00,0x00,0x01,0x00,0x00,0x00,0x2D,0x00,0x00,0x00,
0x72,0x00,0x00,0x00,0x16,0x00,0x00,0x00,0x6D,0x00,0x00,0x00,0x51,0x00,0x05,0x00,0x0B,0x00,0x00,0x00,0x74,0x00,0x00,0x00,
0x6E,0x00,0x00,0x00,0x00,0x00,0x00,0x00,0x51,0x00,0x05,0x00,0x0B,0x00,0x00,0x00,0x75,0x00,0x00,0x00,0x6E,0x00,0x00,0x00,
0x01,0x00,0x00,0x00,0x50,0x00,0x06,0x00,0x31,0x00,0x00,0x00,0x76,0x00,0x00,0x00,0x74,0x00,0x00,0x00,0x75,0x00,0x00,0x00,
0x14,0x00,0x00,0x00,0x4F,0x00,0x07,0x00,0x15,0x00,0x00,0x00,0x77,0x00,0x00,0x00,0x76,0x00,0x00,0x00,0x76,0x00,0x00,0x00,
0x00,0x00,0x00,0x00,0x01,0x00,0x00,0x00,0x3D,0x00,0x04,0x00,0x06,0x00,0x00,0x00,0x78,0x00,0x00,0x00,0x08,0x00,0x00,0x00,
0x5F,0x00,0x07,0x00,0x32,0x00,0x00,0x00,0x79,0x00,0x00,0x00,0x78,0x00,0x00,0x00,0x77,0x00,0x00,0x00,0x02,0x00,0x00,0x00,
0x14,0x00,0x00,0x00,0x51,0x00,0x05,0x00,0x0B,0x00,0x00,0x00,0x7A,0x00,0x00,0x00,0x73,0x00,0x00,0x00,0x00,0x00,0x00,0x00,
0x51,0x00,0x05,0x00,0x0B,0x00,0x00,0x00,0x7B,0x00,0x00,0x00,0x73,0x00,0x00,0x00,0x01,0x00,0x00,0x00,0x50,0x00,0x06,0x00,
0x31,0x00,0x00,0x00,0x7C,0x00,0x00,0x00,0x7A,0x00,0x00,0x00,0x7B,0x00,0x00,0x00,0x14,0x00,0x00,0x00,0x4F,0x00,0x07,0x00,
0x15,0x00,0x00,0x00,0x7D,0x00,0x00,0x00,0x7C,0x00,0x00,0x00,0x7C,0x00,0x00,0x00,0x00,0x00,0x00,0x00,0x01,0x00,0x00,0x00,
0x3D,0x00,0x04,0x00,0x06,0x00,0x00,0x00,0x7E,0x00,0x00,0x00,0x07,0x00,0x00,0x00,0x5F,0x00,0x07,0x00,0x32,0x00,0x00,0x00,
0x7F,0x00,0x00,0x00,0x7E,0x00,0x00,0x00,0x7D,0x00,0x00,0x00,0x02,0x00,0x00,0x00,0x14,0x00,0x00,0x00,0x51,0x00,0x05,0x00,
0x0F,0x00,0x00,0x00,0x80,0x00,0x00,0x00,0x79,0x00,0x00,0x00,0x00,0x00,0x00,0x00,0x51,0x00,0x05,0x00,0x0F,0x00,0x00,0x00,
0x81,0x00,0x00,0x00,0x7F,0x00,0x00,0x00,0x00,0x00,0x00,0x00,0x83,0x00,0x05,0x00,0x0F,0x00,0x00,0x00,0x82,0x00,0x00,0x00,
0x80,0x00,0x00,0x00,0x81,0x00,0x00,0x00,0x0C,0x00,0x06,0x00,0x0F,0x00,0x00,0x00,0x83,0x00,0x00,0x00,0x01,0x00,0x00,0x00,
0x04,0x00,0x00,0x00,0x82,0x00,0x00,0x00,0x51,0x00,0x05,0x00,0x0F,0x00,0x00,0x00,0x84,0x00,0x00,0x00,0x79,0x00,0x00,0x00,
0x01,0x00,0x00,0x00,0x51,0x00,0x05,0x00,0x0F,0x00,0x00,0x00,0x85,0x00,0x00,0x00,0x7F,0x00,0x00,0x00,0x01,0x00,0x00,0x00,
0x83,0x00,0x05,0x00,0x0F,0x00,0x00,0x00,0x86,0x00,0x00,0x00,0x84,0x00,0x00,0x00,0x85,0x00,0x00,0x00,0x0C,0x00,0x06,0x00,
0x0F,0x00,0x00,0x00,0x87,0x00,0x00,0x00,0x01,0x00,0x00,0x00,0x04,0x00,0x00,0x00,0x86,0x00,0x00,0x00,0x85,0x00,0x05,0x00,
0x0F,0x00,0x00,0x00,0x88,0x00,0x00,0x00,0x1C,0x00,0x00,0x00,0x87,0x00,0x00,0x00,0x81,0x00,0x05,0x00,0x0F,0x00,0x00,0x00,
0x89,0x00,0x00,0x00,0x83,0x00,0x00,0x00,0x88,0x00,0x00,0x00,0x80,0x00,0x05,0x00,0x15,0x00,0x00,0x00,0x8A,0x00,0x00,0x00,
0x4A,0x00,0x00,0x00,0x34,0x00,0x00,0x00,0x0C,0x00,0x08,0x00,0x15,0x00,0x00,0x00,0x8B,0x00,0x00,0x00,0x01,0x00,0x00,0x00,
0x2D,0x00,0x00,0x00,0x8A,0x00,0x00,0x00,0x16,0x00,0x00,0x00,0x6D,0x00,0x00,0x00,0x50,0x00,0x05,0x00,0x15,0x00,0x00,0x00,
0x8C,0x00,0x00,0x00,0x65,0x00,0x00,0x00,0x70,0x00,0x00,0x00,0x80,0x00,0x05,0x00,0x15,0x00,0x00,0x00,0x8D,0x00,0x00,0x00,
0x4A,0x00,0x00,0x00,0x8C,0x00,0x00,0x00,0x0C,0x00,0x08,0x00,0x15,0x00,0x00,0x00,0x8E,0x00,0x00,0x00,0x01,0x00,0x00,0x00,
0x2D,0x00,0x00,0x00,0x8D,0x00,0x00,0x00,0x16,0x00,0x00,0x00,0x6D,0x00,0x00,0x00,0x51,0x00,0x05,0x00,0x0B,0x00,0x00,0x00,
0x8F,0x00,0x00,0x00,0x8B,0x00,0x00,0x00,0x00,0x00,0x00,0x00,0x51,0x00,0x05,0x00,0x0B,0x00,0x00,0x00,0x90,0x00,0x00,0x00,
0x8B,0x00,0x00,0x00,0x01,0x00,0x00,0x00,0x50,0x00,0x06,0x00,0x31,0x00,0x00,0x00,0x91,0x00,0x00,0x00,0x8F,0x00,0x00,0x00,
0x90,0x00,0x00,0x00,0x14,0x00,0x00,0x00,0x4F,0x00,0x07,0x00,0x15,0x00,0x00,0x00,0x92,0x00,0x00,0x00,0x91,0x00,0x00,0x00,
0x91,0x00,0x00,0x00,0x00,0x00,0x00,0x00,0x01,0x00,0x00,0x00,0x3D,0x00,0x04,0x00,0x06,0x00,0x00,0x00,0x93,0x00,0x00,0x00,
0x08,0x00,0x00,0x00,0x5F,0x00,0x07,0x00,0x32,0x00,0x00,0x00,0x94,0x00,0x00,0x00,0x93,0x00,0x00,0x00,0x92,0x00,0x00,0x00,
0x02,0x00,0x00,0x00,0x14,0x00,0x00,0x00,0x51,0x00,0x05,0x00,0x0B,0x00,0x00,0x00,0x95,0x00,0x00,0x00,0x8E,0x00,0x00,0x00,
0x00,0x00,0x00,0x00,0x51,0x00,0x05,0x00,0x0B,0x00,0x00,0x00,0x96,0x00,0x00,0x00,0x8E,0x00,0x00,0x00,0x01,0x00,0x00,0x00,
0x50,0x00,0x06,0x00,0x31,0x00,0x00,0x00,0x97,0x00,0x00,0x00,0x95,0x00,0x00,0x00,0x96,0x00,0x00,0x00,0x14,0x00,0x00,0x00,
0x4F,0x00,0x07,0x00,0x15,0x00,0x00,0x00,0x98,0x00,0x00,0x00,0x97,0x00,0x00,0x00,0x97,0x00,0x00,0x00,0x00,0x00,0x00,0x00,
0x01,0x00,0x00,0x00,0x3D,0x00,0x04,0x00,0x06,0x00,0x00,0x00,0x99,0x00,0x00,0x00,0x07,0x00,0x00,0x00,0x5F,0x00,0x07,0x00,
0x32,0x00,0x00,0x00,0x9A,0x00,0x00,0x00,0x99,0x00,0x00,0x00,0x98,0x00,0x00,0x00,0x02,0x00,0x00,0x00,0x14,0x00,0x00,0x00,
0x51,0x00,0x05,0x00,0x0F,0x00,0x00,0x00,0x9B,0x00,0x00,0x00,0x94,0x00,0x00,0x00,0x00,0x00,0x00,0x00,0x51,0x00,0x05,0x00,
0x0F,0x00,0x00,0x00,0x9C,0x00,0x00,0x00,0x9A,0x00,0x00,0x00,0x00,0x00,0x00,0x00,0x83,0x00,0x05,0x00,0x0F,0x00,0x00,0x00,
0x9D,0x00,0x00,0x00,0x9B,0x00,0x00,0x00,0x9C,0x00,0x00,0x00,0x0C,0x00,0x06,0x00,0x0F,0x00,0x00,0x00,0x9E,0x00,0x00,0x00,
0x01,0x00,0x00,0x00,0x04,0x00,0x00,0x00,0x9D,0x00,0x00,0x00,0x51,0x00,0x05,0x00,0x0F,0x00,0x00,0x00,0x9F,0x00,0x00,0x00,
0x94,0x00,0x00,0x00,0x01,0x00,0x00,0x00,0x51,0x00,0x05,0x00,0x0F,0x00,0x00,0x00,0xA0,0x00,0x00,0x00,0x9A,0x00,0x00,0x00,
0x01,0x00,0x00,0x00,0x83,0x00,0x05,0x00,0x0F,0x00,0x00,0x00,0xA1,0x00,0x00,0x00,0x9F,0x00,0x00,0x00,0xA0,0x00,0x00,0x00,
0x0C,0x00,0x06,0x00,0x0F,0x00,0x00,0x00,0xA2,0x00,0x00,0x00,0x01,0x00,0x00,0x00,0x04,0x00,0x00,0x00,0xA1,0x00,0x00,0x00,
0x85,0x00,0x05,0x00,0x0F,0x00,0x00,0x00,0xA3,0x00,0x00,0x00,0x1C,0x00,0x00,0x00,0xA2,0x00,0x00,0x00,0x81,0x00,0x05,0x00,
0x0F,0x00,0x00,0x00,0xA4,0x00,0x00,0x00,0x9E,0x00,0x00,0x00,0xA3,0x00,0x00,0x00,0x81,0x00,0x05,0x00,0x0F,0x00,0x00,0x00,
0xA5,0x00,0x00,0x00,0x89,0x00,0x00,0x00,0xA4,0x00,0x00,0x00,0x80,0x00,0x05,0x00,0x15,0x00,0x00,0x00,0xA6,0x00,0x00,0x00,
0x4A,0x00,0x00,0x00,0x35,0x00,0x00,0x00,0x0C,0x00,0x08,0x00,0x15,0x00,0x00,0x00,0xA7,0x00,0x00,0x00,0x01,0x00,0x00,0x00,
0x2D,0x00,0x00,0x00,0xA6,0x00,0x00,0x00,0x16,0x00,0x00,0x00,0x6D,0x00,0x00,0x00,0x80,0x00,0x05,0x00,0x0B,0x00,0x00,0x00,
0x66,0x00,0x00,0x00,0x1A,0x00,0x00,0x00,0x65,0x00,0x00,0x00,0x50,0x00,0x05,0x00,0x15,0x00,0x00,0x00,0xA8,0x00,0x00,0x00,
0x66,0x00,0x00,0x00,0x70,0x00,0x00,0x00,0x80,0x00,0x05,0x00,0x15,0x00,0x00,0x00,0xA9,0x00,0x00,0x00,0x4A,0x00,0x00,0x00,
0xA8,0x00,0x00,0x00,0x0C,0x00,0x08,0x00,0x15,0x00,0x00,0x00,0xAA,0x00,0x00,0x00,0x01,0x00,0x00,0x00,0x2D,0x00,0x00,0x00,
0xA9,0x00,0x00,0x00,0x16,0x00,0x00,0x00,0x6D,0x00,0x00,0x00,0x51,0x00,0x05,0x00,0x0B,0x00,0x00,0x00,0xAB,0x00,0x00,0x00,
0xA7,0x00,0x00,0x00,0x00,0x00,0x00,0x00,0x51,0x00,0x05,0x00,0x0B,0x00,0x00,0x00,0xAC,0x00,0x00,0x00,0xA7,0x00,0x00,0x00,
0x01,0x00,0x00,0x00,0x50,0x00,0x06,0x00,0x31,0x00,0x00,0x00,0xAD,0x00,0x00,0x00,0xAB,0x00,0x00,0x00,0xAC,0x00,0x00,0x00,
0x14,0x00,0x00,0x00,0x4F,0x00,0x07,0x00,0x15,0x00,0x00,0x00,0xAE,0x00,0x00,0x00,0xAD,0x00,0x00,0x00,0xAD,0x00,0x00,0x00,
0x00,0x00,0x00,0x00,0x01,0x00,0x00,0x00,0x3D,0x00,0x04,0x00,0x06,0x00,0x00,0x00,0xAF,0x00,0x00,0x00,0x08,0x00,0x00,0x00,
0x5F,0x00,0x07,0x00,0x32,0x00,0x00,0x00,0xB0,0x00,0x00,0x00,0xAF,0x00,0x00,0x00,0xAE,0x00,0x00,0x00,0x02,0x00,0x00,0x00,
0x14,0x00,0x00,0x00,0x51,0x00,0x05,0x00,0x0B,0x00,0x00,0x00,0xB1,0x00,0x00,0x00,0xAA,0x00,0x00,0x00,0x00,0x00,0x00,0x00,
0x51,0x00,0x05,0x00,0x0B,0x00,0x00,0x00,0xB2,0x00,0x00,0x00,0xAA,0x00,0x00,0x00,0x01,0x00,0x00,0x00,0x50,0x00,0x06,0x00,
0x31,0x00,0x00,0x00,0xB3,0x00,0x00,0x00,0xB1,0x00,0x00,0x00,0xB2,0x00,0x00,0x00,0x14,0x00,0x00,0x00,0x4F,0x00,0x07,0x00,
0x15,0x00,0x00,0x00,0xB4,0x00,0x00,0x00,0xB3,0x00,0x00,0x00,0xB3,0x00,0x00,0x00,0x00,0x00,0x00,0x00,0x01,0x00,0x00,0x00,
0x3D,0x00,0x04,0x00,0x06,0x00,0x00,0x00,0xB5,0x00,0x00,0x00,0x07,0x00,0x00,0x00,0x5F,0x00,0x07,0x00,0x32,0x00,0x00,0x00,
0xB6,0x00,0x00,0x00,0xB5,0x00,0x00,0x00,0xB4,0x00,0x00,0x00,0x02,0x00,0x00,0x00,0x14,0x00,0x00,0x00,0x51,0x00,0x05,0x00,
0x0F,0x00,0x00,0x00,0xB7,0x00,0x00,0x00,0xB0,0x00,0x00,0x00,0x00,0x00,0x00,0x00,0x51,0x00,0x05,0x00,0x0F,0x00,0x00,0x00,
0xB8,0x00,0x00,0x00,0xB6,0x00,0x00,0x00,0x00,0x00,0x00,0x00,0x83,0x00,0x05,0x00,0x0F,0x00,0x00,0x00,0xB9,0x00,0x00,0x00,
0xB7,0x00,0x00,0x00,0xB8,0x00,0x00,0x00,0x0C,0x00,0x06,0x00,0x0F,0x00,0x00,0x00,0xBA,0x00,0x00,0x00,0x01,0x00,0x00,0x00,
0x04,0x00,0x00,0x00,0xB9,0x00,0x00,0x00,0x51,0x00,0x05,0x00,0x0F,0x00,0x00,0x00,0xBB,0x00,0x00,0x00,0xB0,0x00,0x00,0x00,
0x01,0x00,0x00,0x00,0x51,0x00,0x05,0x00,0x0F,0x00,0x00,0x00,0xBC,0x00,0x00,0x00,0xB6,0x00,0x00,0x00,0x01,0x00,0x00,0x00,
0x83,0x00,0x05,0x00,0x0F,0x00,0x00,0x00,0xBD,0x00,0x00,0x00,0xBB,0x00,0x00,0x00,0xBC,0x00,0x00,0x00,0x0C,0x00,0x06,0x00,
0x0F,0x00,0x00,0x00,0xBE,0x00,0x00,0x00,0x01,0x00,0x00,0x00,0x04,0x00,0x00,0x00,0xBD,0x00,0x00,0x00,0x85,0x00,0x05,0x00,
0x0F,0x00,0x00,0x00,0xBF,0x00,0x00,0x00,0x1C,0x00,0x00,0x00,0xBE,0x00,0x00,0x00,0x81,0x00,0x05,0x00,0x0F,0x00,0x00,0x00,
0xC0,0x00,0x00,0x00,0xBA,0x00,0x00,0x00,0xBF,0x00,0x00,0x00,0x81,0x00,0x05,0x00,0x0F,0x00,0x00,0x00,0xC1,0x00,0x00,0x00,
0xA5,0x00,0x00,0x00,0xC0,0x00,0x00,0x00,0x80,0x00,0x05,0x00,0x15,0x00,0x00,0x00,0xC2,0x00,0x00,0x00,0x4A,0x00,0x00,0x00,
0x36,0x00,0x00,0x00,0x0C,0x00,0x08,0x00,0x15,0x00,0x00,0x00,0xC3,0x00,0x00,0x00,0x01,0x00,0x00,0x00,0x2D,0x00,0x00,0x00,
0xC2,0x00,0x00,0x00,0x16,0x00,0x00,0x00,0x6D,0x00,0x00,0x00,0x50,0x00,0x05,0x00,0x15,0x00,0x00,0x00,0xC4,0x00,0x00,0x00,
0x6F,0x00,0x00,0x00,0x5D,0x00,0x00,0x00,0x80,0x00,0x05,0x00,0x15,0x00,0x00,0x00,0xC5,0x00,0x00,0x00,0x4A,0x00,0x00,0x00,
0xC4,0x00,0x00,0x00,0x0C,0x00,0x08,0x00,0x15,0x00,0x00,0x00,0xC6,0x00,0x00,0x00,0x01,0x00,0x00,0x00,0x2D,0x00,0x00,0x00,
0xC5,0x00,0x00,0x00,0x16,0x00,0x00,0x00,0x6D,0x00,0x00,0x00,0x51,0x00,0x05,0x00,0x0B,0x00,0x00,0x00,0xC7,0x00,0x00,0x00,
0xC3,0x00,0x00,0x00,0x00,0x00,0x00,0x00,0x51,0x00,0x05,0x00,0x0B,0x00,0x00,0x00,0xC8,0x00,0x00,0x00,0xC3,0x00,0x00,0x00,
0x01,0x00,0x00,0x00,0x50,0x00,0x06,0x00,0x31,0x00,0x00,0x00,0xC9,0x00,0x00,0x00,0xC7,0x00,0x00,0x00,0xC8,0x00,0x00,0x00,
0x14,0x00,0x00,0x00,0x4F,0x00,0x07,0x00,0x15,0x00,0x00,0x00,0xCA,0x00,0x00,0x00,0xC9,0x00,0x00,0x00,0xC9,0x00,0x00,0x00,
0x00,0x00,0x00,0x00,0x01,0x00,0x00,0x00,0x3D,0x00,0x04,0x00,0x06,0x00,0x00,0x00,0xCB,0x00,0x00,0x00,0x08,0x00,0x00,0x00,
0x5F,0x00,0x07,0x00,0x32,0x00,0x00,0x00,0xCC,0x00,0x00,0x00,0xCB,0x00,0x00,0x00,0xCA,0x00,0x00,0x00,0x02,0x00,0x00,0x00,
0x14,0x00,0x00,0x00,0x51,0x00,0x05,0x00,0x0B,0x00,0x00,0x00,0xCD,0x00,0x00,0x00,0xC6,0x00,0x00,0x00,0x00,0x00,0x00,0x00,
0x51,0x00,0x05,0x00,0x0B,0x00,0x00,0x00,0xCE,0x00,0x00,0x00,0xC6,0x00,0x00,0x00,0x01,0x00,0x00,0x00,0x50,0x00,0x06,0x00,
0x31,0x00,0x00,0x00,0xCF,0x00,0x00,0x00,0xCD,0x00,0x00,0x00,0xCE,0x00,0x00,0x00,0x14,0x00,0x00,0x00,0x4F,0x00,0x07,0x00,
0x15,0x00,0x00,0x00,0xD0,0x00,0x00,0x00,0xCF,0x00,0x00,0x00,0xCF,0x00,0x00,0x00,0x00,0x00,0x00,0x00,0x01,0x00,0x00,0x00,
0x3D,0x00,0x04,0x00,0x06,0x00,0x00,0x00,0xD1,0x00,0x00,0x00,0x07,0x00,0x00,0x00,0x5F,0x00,0x07,0x00,0x32,0x00,0x00,0x00,
0xD2,0x00,0x00,0x00,0xD1,0x00,0x00,0x00,0xD0,0x00,0x00,0x00,0x02,0x00,0x00,0x00,0x14,0x00,0x00,0x00,0x51,0x00,0x05,0x00,
0x0F,0x00,0x00,0x00,0xD3,0x00,0x00,0x00,0xCC,0x00,0x00,0x00,0x00,0x00,0x00,0x00,0x51,0x00,0x05,0x00,0x0F,0x00,0x00,0x00,
0xD4,0x00,0x00,0x00,0xD2,0x00,0x00,0x00,0x00,0x00,0x00,0x00,0x83,0x00,0x05,0x00,0x0F,0x00,0x00,0x00,0xD5,0x00,0x00,0x00,
0xD3,0x00,0x00,0x00,0xD4,0x00,0x00,0x00,0x0C,0x00,0x06,0x00,0x0F,0x00,0x00,0x00,0xD6,0x00,0x00,0x00,0x01,0x00,0x00,0x00,
0x04,0x00,0x00,0x00,0xD5,0x00,0x00,0x00,0x51,0x00,0x05,0x00,0x0F,0x00,0x00,0x00,0xD7,0x00,0x00,0x00,0xCC,0x00,0x00,0x00,
0x01,0x00,0x00,0x00,0x51,0x00,0x05,0x00,0x0F,0x00,0x00,0x00,0xD8,0x00,0x00,0x00,0xD2,0x00,0x00,0x00,0x01,0x00,0x00,0x00,
0x83,0x00,0x05,0x00,0x0F,0x00,0x00,0x00,0xD9,0x00,0x00,0x00,0xD7,0x00,0x00,0x00,0xD8,0x00,0x00,0x00,0x0C,0x00,0x06,0x00,
0x0F,0x00,0x00,0x00,0xDA,0x00,0x00,0x00,0x01,0x00,0x00,0x00,0x04,0x00,0x00,0x00,0xD9,0x00,0x00,0x00,0x85,0x00,0x05,0x00,
0x0F,0x00,0x00,0x00,0xDB,0x00,0x00,0x00,0x1C,0x00,0x00,0x00,0xDA,0x00,0x00,0x00,0x81,0x00,0x05,0x00,0x0F,0x00,0x00,0x00,
0xDC,0x00,0x00,0x00,0xD6,0x00,0x00,0x00,0xDB,0x00,0x00,0x00,0x81,0x00,0x05,0x00,0x0F,0x00,0x00,0x00,0xDD,0x00,0x00,0x00,
0xC1,0x00,0x00,0x00,0xDC,0x00,0x00,0x00,0x0C,0x00,0x08,0x00,0x15,0x00,0x00,0x00,0xDE,0x00,0x00,0x00,0x01,0x00,0x00,0x00,
0x2D,0x00,0x00,0x00,0x4A,0x00,0x00,0x00,0x16,0x00,0x00,0x00,0x6D,0x00,0x00,0x00,0x50,0x00,0x05,0x00,0x15,0x00,0x00,0x00,
0xDF,0x00,0x00,0x00,0x65,0x00,0x00,0x00,0x5D,0x00,0x00,0x00,0x80,0x00,0x05,0x00,0x15,0x00,0x00,0x00,0xE0,0x00,0x00,0x00,
0x4A,0x00,0x00,0x00,0xDF,0x00,0x00,0x00,0x0C,0x00,0x08,0x00,0x15,0x00,0x00,0x00,0xE1,0x00,0x00,0x00,0x01,0x00,0x00,0x00,
0x2D,0x00,0x00,0x00,0xE0,0x00,0x00,0x00,0x16,0x00,0x00,0x00,0x6D,0x00,0x00,0x00,0x51,0x00,0x05,0x00,0x0B,0x00,0x00,0x00,
0xE2,0x00,0x00,0x00,0xDE,0x00,0x00,0x00,0x00,0x00,0x00,0x00,0x51,0x00,0x05,0x00,0x0B,0x00,0x00,0x00,0xE3,0x00,0x00,0x00,
0xDE,0x00,0x00,0x00,0x01,0x00,0x00,0x00,0x50,0x00,0x06,0x00,0x31,0x00,0x00,0x00,0xE4,0x00,0x00,0x00,0xE2,0x00,0x00,0x00,
0xE3,0x00,0x00,0x00,0x14,0x00,0x00,0x00,0x4F,0x00,0x07,0x00,0x15,0x00,0x00,0x00,0xE5,0x00,0x00,0x00,0xE4,0x00,0x00,0x00,
0xE4,0x00,0x00,0x00,0x00,0x00,0x00,0x00,0x01,0x00,0x00,0x00,0x3D,0x00,0x04,0x00,0x06,0x00,0x00,0x00,0xE6,0x00,0x00,0x00,
0x08,0x00,0x00,0x00,0x5F,0x00,0x07,0x00,0x32,0x00,0x00,0x00,0xE7,0x00,0x00,0x00,0xE6,0x00,0x00,0x00,0xE5,0x00,0x00,0x00,
0x02,0x00,0x00,0x00,0x14,0x00,0x00,0x00,0x51,0x00,0x05,0x00,0x0B,0x00,0x00,0x00,0xE8,0x00,0x00,0x00,0xE1,0x00,0x00,0x00,
0x00,0x00,0x00,0x00,0x51,0x00,0x05,0x00,0x0B,0x00,0x00,0x00,0xE9,0x00,0x00,0x00,0xE1,0x00,0x00,0x00,0x01,0x00,0x00,0x00,
0x50,0x00,0x06,0x00,0x31,0x00,0x00,0x00,0xEA,0x00,0x00,0x00,0xE8,0x00,0x00,0x00,0xE9,0x00,0x00,0x00,0x14,0x00,0x00,0x00,
0x4F,0x00,0x07,0x00,0x15,0x00,0x00,0x00,0xEB,0x00,0x00,0x00,0xEA,0x00,0x00,0x00,0xEA,0x00,0x00,0x00,0x00,0x00,0x00,0x00,
0x01,0x00,0x00,0x00,0x3D,0x00,0x04,0x00,0x06,0x00,0x00,0x00,0xEC,0x00,0x00,0x00,0x07,0x00,0x00,0x00,0x5F,0x00,0x07,0x00,
0x32,0x00,0x00,0x00,0xED,0x00,0x00,0x00,0xEC,0x00,0x00,0x00,0xEB,0x00,0x00,0x00,0x02,0x00,0x00,0x00,0x14,0x00,0x00,0x00,
0x51,0x00,0x05,0x00,0x0F,0x00,0x00,0x00,0xEE,0x00,0x00,0x00,0xE7,0x00,0x00,0x00,0x00,0x00,0x00,0x00,0x51,0x00,0x05,0x00,
0x0F,0x00,0x00,0x00,0xEF,0x00,0x00,0x00,0xED,0x00,0x00,0x00,0x00,0x00,0x00,0x00,0x83,0x00,0x05,0x00,0x0F,0x00,0x00,0x00,
0xF0,0x00,0x00,0x00,0xEE,0x00,0x00,0x00,0xEF,0x00,0x00,0x00,0x0C,0x00,0x06,0x00,0x0F,0x00,0x00,0x00,0xF1,0x00,0x00,0x00,
0x01,0x00,0x00,0x00,0x04,0x00,0x00,0x00,0xF0,0x00,0x00,0x00,0x51,0x00,0x05,0x00,0x0F,0x00,0x00,0x00,0xF2,0x00,0x00,0x00,
0xE7,0x00,0x00,0x00,0x01,0x00,0x00,0x00,0x51,0x00,0x05,0x00,0x0F,0x00,0x00,0x00,0xF3,0x00,0x00,0x00,0xED,0x00,0x00,0x00,
0x01,0x00,0x00,0x00,0x83,0x00,0x05,0x00,0x0F,0x00,0x00,0x00,0xF4,0x00,0x00,0x00,0xF2,0x00,0x00,0x00,0xF3,0x00,0x00,0x00,
0x0C,0x00,0x06,0x00,0x0F,0x00,0x00,0x00,0xF5,0x00,0x00,0x00,0x01,0x00,0x00,0x00,0x04,0x00,0x00,0x00,0xF4,0x00,0x00,0x00,
0x85,0x00,0x05,0x00,0x0F,0x00,0x00,0x00,0xF6,0x00,0x00,0x00,0x1C,0x00,0x00,0x00,0xF5,0x00,0x00,0x00,0x81,0x00,0x05,0x00,
0x0F,0x00,0x00,0x00,0xF7,0x00,0x00,0x00,0xF1,0x00,0x00,0x00,0xF6,0x00,0x00,0x00,0x81,0x00,0x05,0x00,0x0F,0x00,0x00,0x00,
0xF8,0x00,0x00,0x00,0xDD,0x00,0x00,0x00,0xF7,0x00,0x00,0x00,0x80,0x00,0x05,0x00,0x15,0x00,0x00,0x00,0xF9,0x00,0x00,0x00,
0x4A,0x00,0x00,0x00,0x37,0x00,0x00,0x00,0x0C,0x00,0x08,0x00,0x15,0x00,0x00,0x00,0xFA,0x00,0x00,0x00,0x01,0x00,0x00,0x00,
0x2D,0x00,0x00,0x00,0xF9,0x00,0x00,0x00,0x16,0x00,0x00,0x00,0x6D,0x00,0x00,0x00,0x50,0x00,0x05,0x00,0x15,0x00,0x00,0x00,
0xFB,0x00,0x00,0x00,0x66,0x00,0x00,0x00,0x5D,0x00,0x00,0x00,0x80,0x00,0x05,0x00,0x15,0x00,0x00,0x00,0xFC,0x00,0x00,0x00,
0x4A,0x00,0x00,0x00,0xFB,0x00,0x00,0x00,0x0C,0x00,0x08,0x00,0x15,0x00,0x00,0x00,0xFD,0x00,0x00,0x00,0x01,0x00,0x00,0x00,
0x2D,0x00,0x00,0x00,0xFC,0x00,0x00,0x00,0x16,0x00,0x00,0x00,0x6D,0x00,0x00,0x00,0x51,0x00,0x05,0x00,0x0B,0x00,0x00,0x00,
0xFE,0x00,0x00,0x00,0xFA,0x00,0x00,0x00,0x00,0x00,0x00,0x00,0x51,0x00,0x05,0x00,0x0B,0x00,0x00,0x00,0xFF,0x00,0x00,0x00,
0xFA,0x00,0x00,0x00,0x01,0x00,0x00,0x00,0x50,0x00,0x06,0x00,0x31,0x00,0x00,0x00,0x00,0x01,0x00,0x00,0xFE,0x00,0x00,0x00,
0xFF,0x00,0x00,0x00,0x14,0x00,0x00,0x00,0x4F,0x00,0x07,0x00,0x15,0x00,0x00,0x00,0x01,0x01,0x00,0x00,0x00,0x01,0x00,0x00,
0x00,0x01,0x00,0x00,0x00,0x00,0x00,0x00,0x01,0x00,0x00,0x00,0x3D,0x00,0x04,0x00,0x06,0x00,0x00,0x00,0x02,0x01,0x00,0x00,
0x08,0x00,0x00,0x00,0x5F,0x00,0x07,0x00,0x32,0x00,0x00,0x00,0x03,0x01,0x00,0x00,0x02,0x01,0x00,0x00,0x01,0x01,0x00,0x00,
0x02,0x00,0x00,0x00,0x14,0x00,0x00,0x00,0x51,0x00,0x05,0x00,0x0B,0x00,0x00,0x00,0x04,0x01,0x00,0x00,0xFD,0x00,0x00,0x00,
0x00,0x00,0x00,0x00,0x51,0x00,0x05,0x00,0x0B,0x00,0x00,0x00,0x05,0x01,0x00,0x00,0xFD,0x00,0x00,0x00,0x01,0x00,0x00,0x00,
0x50,0x00,0x06,0x00,0x31,0x00,0x00,0x00,0x06,0x01,0x00,0x00,0x04,0x01,0x00,0x00,0x05,0x01,0x00,0x00,0x14,0x00,0x00,0x00,
0x4F,0x00,0x07,0x00,0x15,0x00,0x00,0x00,0x07,0x01,0x00,0x00,0x06,0x01,0x00,0x00,0x06,0x01,0x00,0x00,0x00,0x00,0x00,0x00,
0x01,0x00,0x00,0x00,0x3D,0x00,0x04,0x00,0x06,0x00,0x00,0x00,0x08,0x01,0x00,0x00,0x07,0x00,0x00,0x00,0x5F,0x00,0x07,0x00,
0x32,0x00,0x00,0x00,0x09,0x01,0x00,0x00,0x08,0x01,0x00,0x00,0x07,0x01,0x00,0x00,0x02,0x00,0x00,0x00,0x14,0x00,0x00,0x00,
0x51,0x00,0x05,0x00,0x0F,0x00,0x00,0x00,0x0A,0x01,0x00,0x00,0x03,0x01,0x00,0x00,0x00,0x00,0x00,0x00,0x51,0x00,0x05,0x00,
0x0F,0x00,0x00,0x00,0x0B,0x01,0x00,0x00,0x09,0x01,0x00,0x00,0x00,0x00,0x00,0x00,0x83,0x00,0x05,0x00,0x0F,0x00,0x00,0x00,
0x0C,0x01,0x00,0x00,0x0A,0x01,0x00,0x00,0x0B,0x01,0x00,0x00,0x0C,0x00,0x06,0x00,0x0F,0x00,0x00,0x00,0x0D,0x01,0x00,0x00,
0x01,0x00,0x00,0x00,0x04,0x00,0x00,0x00,0x0C,0x01,0x00,0x00,0x51,0x00,0x05,0x00,0x0F,0x00,0x00,0x00,0x0E,0x01,0x00,0x00,
0x03,0x01,0x00,0x00,0x01,0x00,0x00,0x00,0x51,0x00,0x05,0x00,0x0F,0x00,0x00,0x00,0x0F,0x01,0x00,0x00,0x09,0x01,0x00,0x00,
0x01,0x00,0x00,0x00,0x83,0x00,0x05,0x00,0x0F,0x00,0x00,0x00,0x10,0x01,0x00,0x00,0x0E,0x01,0x00,0x00,0x0F,0x01,0x00,0x00,
0x0C,0x00,0x06,0x00,0x0F,0x00,0x00,0x00,0x11,0x01,0x00,0x00,0x01,0x00,0x00,0x00,0x04,0x00,0x00,0x00,0x10,0x01,0x00,0x00,
0x85,0x00,0x05,0x00,0x0F,0x00,0x00,0x00,0x12,0x01,0x00,0x00,0x1C,0x00,0x00,0x00,0x11,0x01,0x00,0x00,0x81,0x00,0x05,0x00,
0x0F,0x00,0x00,0x00,0x13,0x01,0x00,0x00,0x0D,0x01,0x00,0x00,0x12,0x01,0x00,0x00,0x81,0x00,0x05,0x00,0x0F,0x00,0x00,0x00,
0x14,0x01,0x00,0x00,0xF8,0x00,0x00,0x00,0x13,0x01,0x00,0x00,0x80,0x00,0x05,0x00,0x15,0x00,0x00,0x00,0x15,0x01,0x00,0x00,
0x4A,0x00,0x00,0x00,0x38,0x00,0x00,0x00,0x0C,0x00,0x08,0x00,0x15,0x00,0x00,0x00,0x16,0x01,0x00,0x00,0x01,0x00,0x00,0x00,
0x2D,0x00,0x00,0x00,0x15,0x01,0x00,0x00,0x16,0x00,0x00,0x00,0x6D,0x00,0x00,0x00,0x80,0x00,0x05,0x00,0x0B,0x00,0x00,0x00,
0x17,0x01,0x00,0x00,0x1A,0x00,0x00,0x00,0x5D,0x00,0x00,0x00,0x50,0x00,0x05,0x00,0x15,0x00,0x00,0x00,0x18,0x01,0x00,0x00,
0x6F,0x00,0x00,0x00,0x17,0x01,0x00,0x00,0x80,0x00,0x05,0x00,0x15,0x00,0x00,0x00,0x19,0x01,0x00,0x00,0x4A,0x00,0x00,0x00,
0x18,0x01,0x00,0x00,0x0C,0x00,0x08,0x00,0x15,0x00,0x00,0x00,0x1A,0x01,0x00,0x00,0x01,0x00,0x00,0x00,0x2D,0x00,0x00,0x00,
0x19,0x01,0x00,0x00,0x16,0x00,0x00,0x00,0x6D,0x00,0x00,0x00,0x51,0x00,0x05,0x00,0x0B,0x00,0x00,0x00,0x1B,0x01,0x00,0x00,
0x16,0x01,0x00,0x00,0x00,0x00,0x00,0x00,0x51,0x00,0x05,0x00,0x0B,0x00,0x00,0x00,0x1C,0x01,0x00,0x00,0x16,0x01,0x00,0x00,
0x01,0x00,0x00,0x00,0x50,0x00,0x06,0x00,0x31,0x00,0x00,0x00,0x1D,0x01,0x00,0x00,0x1B,0x01,0x00,0x00,0x1C,0x01,0x00,0x00,
0x14,0x00,0x00,0x00,0x4F,0x00,0x07,0x00,0x15,0x00,0x00,0x00,0x1E,0x01,0x00,0x00,0x1D,0x01,0x00,0x00,0x1D,0x01,0x00,0x00,
0x00,0x00,0x00,0x00,0x01,0x00,0x00,0x00,0x3D,0x00,0x04,0x00,0x06,0x00,0x00,0x00,0x1F,0x01,0x00,0x00,0x08,0x00,0x00,0x00,
0x5F,0x00,0x07,0x00,0x32,0x00,0x00,0x00,0x20,0x01,0x00,0x00,0x1F,0x01,0x00,0x00,0x1E,0x01,0x00,0x00,0x02,0x00,0x00,0x00,
0x14,0x00,0x00,0x00,0x51,0x00,0x05,0x00,0x0B,0x00,0x00,0x00,0x21,0x01,0x00,0x00,0x1A,0x01,0x00,0x00,0x00,0x00,0x00,0x00,
0x51,0x00,0x05,0x00,0x0B,0x00,0x00,0x00,0x22,0x01,0x00,0x00,0x1A,0x01,0x00,0x00,0x01,0x00,0x00,0x00,0x50,0x00,0x06,0x00,
0x31,0x00,0x00,0x00,0x23,0x01,0x00,0x00,0x21,0x01,0x00,0x00,0x22,0x01,0x00,0x00,0x14,0x00,0x00,0x00,0x4F,0x00,0x07,0x00,
0x15,0x00,0x00,0x00,0x24,0x01,0x00,0x00,0x23,0x01,0x00,0x00,0x23,0x01,0x00,0x00,0x00,0x00,0x00,0x00,0x01,0x00,0x00,0x00,
0x3D,0x00,0x04,0x00,0x06,0x00,0x00,0x00,0x25,0x01,0x00,0x00,0x07,0x00,0x00,0x00,0x5F,0x00,0x07,0x00,0x32,0x00,0x00,0x00,
0x26,0x01,0x00,0x00,0x25,0x01,0x00,0x00,0x24,0x01,0x00,0x00,0x02,0x00,0x00,0x00,0x14,0x00,0x00,0x00,0x51,0x00,0x05,0x00,
0x0F,0x00,0x00,0x00,0x27,0x01,0x00,0x00,0x20,0x01,0x00,0x00,0x00,0x00,0x00,0x00,0x51,0x00,0x05,0x00,0x0F,0x00,0x00,0x00,
0x28,0x01,0x00,0x00,0x26,0x01,0x00,0x00,0x00,0x00,0x00,0x00,0x83,0x00,0x05,0x00,0x0F,0x00,0x00,0x00,0x29,0x01,0x00,0x00,
0x27,0x01,0x00,0x00,0x28,0x01,0x00,0x00,0x0C,0x00,0x06,0x00,0x0F,0x00,0x00,0x00,0x2A,0x01,0x00,0x00,0x01,0x00,0x00,0x00,
0x04,0x00,0x00,0x00,0x29,0x01,0x00,0x00,0x51,0x00,0x05,0x00,0x0F,0x00,0x00,0x00,0x2B,0x01,0x00,0x00,0x20,0x01,0x00,0x00,
0x01,0x00,0x00,0x00,0x51,0x00,0x05,0x00,0x0F,0x00,0x00,0x00,0x2C,0x01,0x00,0x00,0x26,0x01,0x00,0x00,0x01,0x00,0x00,0x00,
0x83,0x00,0x05,0x00,0x0F,0x00,0x00,0x00,0x2D,0x01,0x00,0x00,0x2B,0x01,0x00,0x00,0x2C,0x01,0x00,0x00,0x0C,0x00,0x06,0x00,
0x0F,0x00,0x00,0x00,0x2E,0x01,0x00,0x00,0x01,0x00,0x00,0x00,0x04,0x00,0x00,0x00,0x2D,0x01,0x00,0x00,0x85,0x00,0x05,0x00,
0x0F,0x00,0x00,0x00,0x2F,0x01,0x00,0x00,0x1C,0x00,0x00,0x00,0x2E,0x01,0x00,0x00,0x81,0x00,0x05,0x00,0x0F,0x00,0x00,0x00,
0x30,0x01,0x00,0x00,0x2A,0x01,0x00,0x00,0x2F,0x01,0x00,0x00,0x81,0x00,0x05,0x00,0x0F,0x00,0x00,0x00,0x31,0x01,0x00,0x00,
0x14,0x01,0x00,0x00,0x30,0x01,0x00,0x00,0x80,0x00,0x05,0x00,0x15,0x00,0x00,0x00,0x32,0x01,0x00,0x00,0x4A,0x00,0x00,0x00,
0x39,0x00,0x00,0x00,0x0C,0x00,0x08,0x00,0x15,0x00,0x00,0x00,0x33,0x01,0x00,0x00,0x01,0x00,0x00,0x00,0x2D,0x00,0x00,0x00,
0x32,0x01,0x00,0x00,0x16,0x00,0x00,0x00,0x6D,0x00,0x00,0x00,0x50,0x00,0x05,0x00,0x15,0x00,0x00,0x00,0x34,0x01,0x00,0x00,
0x65,0x00,0x00,0x00,0x17,0x01,0x00,0x00,0x80,0x00,0x05,0x00,0x15,0x00,0x00,0x00,0x35,0x01,0x00,0x00,0x4A,0x00,0x00,0x00,
0x34,0x01,0x00,0x00,0x0C,0x00,0x08,0x00,0x15,0x00,0x00,0x00,0x36,0x01,0x00,0x00,0x01,0x00,0x00,0x00,0x2D,0x00,0x00,0x00,
0x35,0x01,0x00,0x00,0x16,0x00,0x00,0x00,0x6D,0x00,0x00,0x00,0x51,0x00,0x05,0x00,0x0B,0x00,0x00,0x00,0x37,0x01,0x00,0x00,
0x33,0x01,0x00,0x00,0x00,0x00,0x00,0x00,0x51,0x00,0x05,0x00,0x0B,0x00,0x00,0x00,0x38,0x01,0x00,0x00,0x33,0x01,0x00,0x00,
0x01,0x00,0x00,0x00,0x50,0x00,0x06,0x00,0x31,0x00,0x00,0x00,0x39,0x01,0x00,0x00,0x37,0x01,0x00,0x00,0x38,0x01,0x00,0x00,
0x14,0x00,0x00,0x00,0x4F,0x00,0x07,0x00,0x15,0x00,0x00,0x00,0x3A,0x01,0x00,0x00,0x39,0x01,0x00,0x00,0x39,0x01,0x00,0x00,
0x00,0x00,0x00,0x00,0x01,0x00,0x00,0x00,0x3D,0x00,0x04,0x00,0x06,0x00,0x00,0x00,0x3B,0x01,0x00,0x00,0x08,0x00,0x00,0x00,
0x5F,0x00,0x07,0x00,0x32,0x00,0x00,0x00,0x3C,0x01,0x00,0x00,0x3B,0x01,0x00,0x00,0x3A,0x01,0x00,0x00,0x02,0x00,0x00,0x00,
0x14,0x00,0x00,0x00,0x51,0x00,0x05,0x00,0x0B,0x00,0x00,0x00,0x3D,0x01,0x00,0x00,0x36,0x01,0x00,0x00,0x00,0x00,0x00,0x00,
0x51,0x00,0x05,0x00,0x0B,0x00,0x00,0x00,0x3E,0x01,0x00,0x00,0x36,0x01,0x00,0x00,0x01,0x00,0x00,0x00,0x50,0x00,0x06,0x00,
0x31,0x00,0x00,0x00,0x3F,0x01,0x00,0x00,0x3D,0x01,0x00,0x00,0x3E,0x01,0x00,0x00,0x14,0x00,0x00,0x00,0x4F,0x00,0x07,0x00,
0x15,0x00,0x00,0x00,0x40,0x01,0x00,0x00,0x3F,0x01,0x00,0x00,0x3F,0x01,0x00,0x00,0x00,0x00,0x00,0x00,0x01,0x00,0x00,0x00,
0x3D,0x00,0x04,0x00,0x06,0x00,0x00,0x00,0x41,0x01,0x00,0x00,0x07,0x00,0x00,0x00,0x5F,0x00,0x07,0x00,0x32,0x00,0x00,0x00,
0x42,0x01,0x00,0x00,0x41,0x01,0x00,0x00,0x40,0x01,0x00,0x00,0x02,0x00,0x00,0x00,0x14,0x00,0x00,0x00,0x51,0x00,0x05,0x00,
0x0F,0x00,0x00,0x00,0x43,0x01,0x00,0x00,0x3C,0x01,0x00,0x00,0x00,0x00,0x00,0x00,0x51,0x00,0x05,0x00,0x0F,0x00,0x00,0x00,
0x44,0x01,0x00,0x00,0x42,0x01,0x00,0x00,0x00,0x00,0x00,0x00,0x83,0x00,0x05,0x00,0x0F,0x00,0x00,0x00,0x45,0x01,0x00,0x00,
0x43,0x01,0x00,0x00,0x44,0x01,0x00,0x00,0x0C,0x00,0x06,0x00,0x0F,0x00,0x00,0x00,0x46,0x01,0x00,0x00,0x01,0x00,0x00,0x00,
0x04,0x00,0x00,0x00,0x45,0x01,0x00,0x00,0x51,0x00,0x05,0x00,0x0F,0x00,0x00,0x00,0x47,0x01,0x00,0x00,0x3C,0x01,0x00,0x00,
0x01,0x00,0x00,0x00,0x51,0x00,0x05,0x00,0x0F,0x00,0x00,0x00,0x48,0x01,0x00,0x00,0x42,0x01,0x00,0x00,0x01,0x00,0x00,0x00,
0x83,0x00,0x05,0x00,0x0F,0x00,0x00,0x00,0x49,0x01,0x00,0x00,0x47,0x01,0x00,0x00,0x48,0x01,0x00,0x00,0x0C,0x00,0x06,0x00,
0x0F,0x00,0x00,0x00,0x4A,0x01,0x00,0x00,0x01,0x00,0x00,0x00,0x04,0x00,0x00,0x00,0x49,0x01,0x00,0x00,0x85,0x00,0x05,0x00,
0x0F,0x00,0x00,0x00,0x4B,0x01,0x00,0x00,0x1C,0x00,0x00,0x00,0x4A,0x01,0x00,0x00,0x81,0x00,0x05,0x00,0x0F,0x00,0x00,0x00,
0x4C,0x01,0x00,0x00,0x46,0x01,0x00,0x00,0x4B,0x01,0x00,0x00,0x81,0x00,0x05,0x00,0x0F,0x00,0x00,0x00,0x4D,0x01,0x00,0x00,
0x31,0x01,0x00,0x00,0x4C,0x01,0x00,0x00,0x80,0x00,0x05,0x00,0x15,0x00,0x00,0x00,0x4E,0x01,0x00,0x00,0x4A,0x00,0x00,0x00,
0x1B,0x00,0x00,0x00,0x0C,0x00,0x08,0x00,0x15,0x00,0x00,0x00,0x4F,0x01,0x00,0x00,0x01,0x00,0x00,0x00,0x2D,0x00,0x00,0x00,
0x4E,0x01,0x00,0x00,0x16,0x00,0x00,0x00,0x6D,0x00,0x00,0x00,0x50,0x00,0x05,0x00,0x15,0x00,0x00,0x00,0x50,0x01,0x00,0x00,
0x66,0x00,0x00,0x00,0x17,0x01,0x00,0x00,0x80,0x00,0x05,0x00,0x15,0x00,0x00,0x00,0x51,0x01,0x00,0x00,0x4A,0x00,0x00,0x00,
0x50,0x01,0x00,0x00,0x0C,0x00,0x08,0x00,0x15,0x00,0x00,0x00,0x52,0x01,0x00,0x00,0x01,0x00,0x00,0x00,0x2D,0x00,0x00,0x00,
0x51,0x01,0x00,0x00,0x16,0x00,0x00,0x00,0x6D,0x00,0x00,0x00,0x51,0x00,0x05,0x00,0x0B,0x00,0x00,0x00,0x53,0x01,0x00,0x00,
0x4F,0x01,0x00,0x00,0x00,0x00,0x00,0x00,0x51,0x00,0x05,0x00,0x0B,0x00,0x00,0x00,0x54,0x01,0x00,0x00,0x4F,0x01,0x00,0x00,
0x01,0x00,0x00,0x00,0x50,0x00,0x06,0x00,0x31,0x00,0x00,0x00,0x55,0x01,0x00,0x00,0x53,0x01,0x00,0x00,0x54,0x01,0x00,0x00,
0x14,0x00,0x00,0x00,0x4F,0x00,0x07,0x00,0x15,0x00,0x00,0x00,0x56,0x01,0x00,0x00,0x55,0x01,0x00,0x00,0x55,0x01,0x00,0x00,
0x00,0x00,0x00,0x00,0x01,0x00,0x00,0x00,0x3D,0x00,0x04,0x00,0x06,0x00,0x00,0x00,0x57,0x01,0x00,0x00,0x08,0x00,0x00,0x00,
0x5F,0x00,0x07,0x00,0x32,0x00,0x00,0x00,0x58,0x01,0x00,0x00,0x57,0x01,0x00,0x00,0x56,0x01,0x00,0x00,0x02,0x00,0x00,0x00,
0x14,0x00,0x00,0x00,0x51,0x00,0x05,0x00,0x0B,0x00,0x00,0x00,0x59,0x01,0x00,0x00,0x52,0x01,0x00,0x00,0x00,0x00,0x00,0x00,
0x51,0x00,0x05,0x00,0x0B,0x00,0x00,0x00,0x5A,0x01,0x00,0x00,0x52,0x01,0x00,0x00,0x01,0x00,0x00,0x00,0x50,0x00,0x06,0x00,
0x31,0x00,0x00,0x00,0x5B,0x01,0x00,0x00,0x59,0x01,0x00,0x00,0x5A,0x01,0x00,0x00,0x14,0x00,0x00,0x00,0x4F,0x00,0x07,0x00,
0x15,0x00,0x00,0x00,0x5C,0x01,0x00,0x00,0x5B,0x01,0x00,0x00,0x5B,0x01,0x00,0x00,0x00,0x00,0x00,0x00,0x01,0x00,0x00,0x00,
0x3D,0x00,0x04,0x00,0x06,0x00,0x00,0x00,0x5D,0x01,0x00,0x00,0x07,0x00,0x00,0x00,0x5F,0x00,0x07,0x00,0x32,0x00,0x00,0x00,
0x5E,0x01,0x00,0x00,0x5D,0x01,0x00,0x00,0x5C,0x01,0x00,0x00,0x02,0x00,0x00,0x00,0x14,0x00,0x00,0x00,0x51,0x00,0x05,0x00,
0x0F,0x00,0x00,0x00,0x5F,0x01,0x00,0x00,0x58,0x01,0x00,0x00,0x00,0x00,0x00,0x00,0x51,0x00,0x05,0x00,0x0F,0x00,0x00,0x00,
0x60,0x01,0x00,0x00,0x5E,0x01,0x00,0x00,0x00,0x00,0x00,0x00,0x83,0x00,0x05,0x00,0x0F,0x00,0x00,0x00,0x61,0x01,0x00,0x00,
0x5F,0x01,0x00,0x00,0x60,0x01,0x00,0x00,0x0C,0x00,0x06,0x00,0x0F,0x00,0x00,0x00,0x62,0x01,0x00,0x00,0x01,0x00,0x00,0x00,
0x04,0x00,0x00,0x00,0x61,0x01,0x00,0x00,0x51,0x00,0x05,0x00,0x0F,0x00,0x00,0x00,0x63,0x01,0x00,0x00,0x58,0x01,0x00,0x00,
0x01,0x00,0x00,0x00,0x51,0x00,0x05,0x00,0x0F,0x00,0x00,0x00,0x64,0x01,0x00,0x00,0x5E,0x01,0x00,0x00,0x01,0x00,0x00,0x00,
0x83,0x00,0x05,0x00,0x0F,0x00,0x00,0x00,0x65,0x01,0x00,0x00,0x63,0x01,0x00,0x00,0x64,0x01,0x00,0x00,0x0C,0x00,0x06,0x00,
0x0F,0x00,0x00,0x00,0x66,0x01,0x00,0x00,0x01,0x00,0x00,0x00,0x04,0x00,0x00,0x00,0x65,0x01,0x00,0x00,0x85,0x00,0x05,0x00,
0x0F,0x00,0x00,0x00,0x67,0x01,0x00,0x00,0x1C,0x00,0x00,0x00,0x66,0x01,0x00,0x00,0x81,0x00,0x05,0x00,0x0F,0x00,0x00,0x00,
0x68,0x01,0x00,0x00,0x62,0x01,0x00,0x00,0x67,0x01,0x00,0x00,0x81,0x00,0x05,0x00,0x0F,0x00,0x00,0x00,0x69,0x01,0x00,0x00,
0x4D,0x01,0x00,0x00,0x68,0x01,0x00,0x00,0xAA,0x00,0x05,0x00,0x1D,0x00,0x00,0x00,0x6A,0x01,0x00,0x00,0x65,0x00,0x00,0x00,
0x14,0x00,0x00,0x00,0xF7,0x00,0x03,0x00,0x6B,0x01,0x00,0x00,0x00,0x00,0x00,0x00,0xFA,0x00,0x04,0x00,0x6A,0x01,0x00,0x00,
0x6C,0x01,0x00,0x00,0x6B,0x01,0x00,0x00,0xF8,0x00,0x02,0x00,0x6C,0x01,0x00,0x00,0xAA,0x00,0x05,0x00,0x1D,0x00,0x00,0x00,
0x6D,0x01,0x00,0x00,0x5D,0x00,0x00,0x00,0x14,0x00,0x00,0x00,0xF9,0x00,0x02,0x00,0x6B,0x01,0x00,0x00,0xF8,0x00,0x02,0x00,
0x6B,0x01,0x00,0x00,0xF5,0x00,0x07,0x00,0x1D,0x00,0x00,0x00,0x6E,0x01,0x00,0x00,0x1E,0x00,0x00,0x00,0x6B,0x00,0x00,0x00,
0x6D,0x01,0x00,0x00,0x6C,0x01,0x00,0x00,0xA9,0x00,0x06,0x00,0x0F,0x00,0x00,0x00,0x68,0x00,0x00,0x00,0x6E,0x01,0x00,0x00,
0x69,0x01,0x00,0x00,0x5A,0x00,0x00,0x00,0x84,0x00,0x05,0x00,0x0B,0x00,0x00,0x00,0x6F,0x01,0x00,0x00,0x65,0x00,0x00,0x00,
0x65,0x00,0x00,0x00,0x84,0x00,0x05,0x00,0x0B,0x00,0x00,0x00,0x70,0x01,0x00,0x00,0x5D,0x00,0x00,0x00,0x5D,0x00,0x00,0x00,
0x80,0x00,0x05,0x00,0x0B,0x00,0x00,0x00,0x71,0x01,0x00,0x00,0x6F,0x01,0x00,0x00,0x70,0x01,0x00,0x00,0x6F,0x00,0x04,0x00,
0x0F,0x00,0x00,0x00,0x72,0x01,0x00,0x00,0x71,0x01,0x00,0x00,0x85,0x00,0x05,0x00,0x0F,0x00,0x00,0x00,0x73,0x01,0x00,0x00,
0x1F,0x00,0x00,0x00,0x72,0x01,0x00,0x00,0x81,0x00,0x05,0x00,0x0F,0x00,0x00,0x00,0x74,0x01,0x00,0x00,0x69,0x01,0x00,0x00,
0x73,0x01,0x00,0x00,0xB8,0x00,0x05,0x00,0x1D,0x00,0x00,0x00,0x75,0x01,0x00,0x00,0x74,0x01,0x00,0x00,0x5C,0x00,0x00,0x00,
0xA9,0x00,0x06,0x00,0x0F,0x00,0x00,0x00,0x63,0x00,0x00,0x00,0x75,0x01,0x00,0x00,0x74,0x01,0x00,0x00,0x5C,0x00,0x00,0x00,
0x50,0x00,0x05,0x00,0x2F,0x00,0x00,0x00,0x76,0x01,0x00,0x00,0x75,0x01,0x00,0x00,0x75,0x01,0x00,0x00,0xA9,0x00,0x06,0x00,
0x15,0x00,0x00,0x00,0x67,0x00,0x00,0x00,0x76,0x01,0x00,0x00,0xDF,0x00,0x00,0x00,0x57,0x00,0x00,0x00,0xF9,0x00,0x02,0x00,
0x64,0x00,0x00,0x00,0xF8,0x00,0x02,0x00,0x64,0x00,0x00,0x00,0xF9,0x00,0x02,0x00,0x62,0x00,0x00,0x00,0xF8,0x00,0x02,0x00,
0x6A,0x00,0x00,0x00,0xF9,0x00,0x02,0x00,0x58,0x00,0x00,0x00,0xF8,0x00,0x02,0x00,0x58,0x00,0x00,0x00,0x80,0x00,0x05,0x00,
0x0B,0x00,0x00,0x00,0x5E,0x00,0x00,0x00,0x5D,0x00,0x00,0x00,0x1A,0x00,0x00,0x00,0xF9,0x00,0x02,0x00,0x55,0x00,0x00,0x00,
0xF8,0x00,0x02,0x00,0x60,0x00,0x00,0x00,0xBD,0x00,0x05,0x00,0x1D,0x00,0x00,0x00,0x77,0x01,0x00,0x00,0x5B,0x00,0x00,0x00,
0x20,0x00,0x00,0x00,0xF7,0x00,0x03,0x00,0x78,0x01,0x00,0x00,0x00,0x00,0x00,0x00,0xFA,0x00,0x04,0x00,0x77,0x01,0x00,0x00,
0x79,0x01,0x00,0x00,0x78,0x01,0x00,0x00,0xF8,0x00,0x02,0x00,0x79,0x01,0x00,0x00,0x83,0x00,0x05,0x00,0x0F,0x00,0x00,0x00,
0x7A,0x01,0x00,0x00,0x59,0x00,0x00,0x00,0x5B,0x00,0x00,0x00,0x85,0x00,0x05,0x00,0x0F,0x00,0x00,0x00,0x7B,0x01,0x00,0x00,
0x59,0x00,0x00,0x00,0x23,0x00,0x00,0x00,0x0C,0x00,0x07,0x00,0x0F,0x00,0x00,0x00,0x7C,0x01,0x00,0x00,0x01,0x00,0x00,0x00,
0x50,0x00,0x00,0x00,0x22,0x00,0x00,0x00,0x7B,0x01,0x00,0x00,0xB8,0x00,0x05,0x00,0x1D,0x00,0x00,0x00,0x7D,0x01,0x00,0x00,
0x7A,0x01,0x00,0x00,0x7C,0x01,0x00,0x00,0xF9,0x00,0x02,0x00,0x78,0x01,0x00,0x00,0xF8,0x00,0x02,0x00,0x78,0x01,0x00,0x00,
0xF5,0x00,0x07,0x00,0x1D,0x00,0x00,0x00,0x7E,0x01,0x00,0x00,0x21,0x00,0x00,0x00,0x60,0x00,0x00,0x00,0x7D,0x01,0x00,0x00,
0x79,0x01,0x00,0x00,0x50,0x00,0x05,0x00,0x2F,0x00,0x00,0x00,0x7F,0x01,0x00,0x00,0x7E,0x01,0x00,0x00,0x7E,0x01,0x00,0x00,
0xA9,0x00,0x06,0x00,0x15,0x00,0x00,0x00,0x80,0x01,0x00,0x00,0x7F,0x01,0x00,0x00,0x16,0x00,0x00,0x00,0x56,0x00,0x00,0x00,
0x6F,0x00,0x04,0x00,0x11,0x00,0x00,0x00,0x81,0x01,0x00,0x00,0x80,0x01,0x00,0x00,0x8E,0x00,0x05,0x00,0x11,0x00,0x00,0x00,
0x82,0x01,0x00,0x00,0x81,0x01,0x00,0x00,0x24,0x00,0x00,0x00,0x70,0x00,0x04,0x00,0x0F,0x00,0x00,0x00,0x83,0x01,0x00,0x00,
0x3F,0x00,0x00,0x00,0x70,0x00,0x04,0x00,0x0F,0x00,0x00,0x00,0x84,0x01,0x00,0x00,0x44,0x00,0x00,0x00,0x50,0x00,0x05,0x00,
0x11,0x00,0x00,0x00,0x85,0x01,0x00,0x00,0x83,0x01,0x00,0x00,0x84,0x01,0x00,0x00,0x88,0x00,0x05,0x00,0x11,0x00,0x00,0x00,
0x86,0x01,0x00,0x00,0x82,0x01,0x00,0x00,0x85,0x01,0x00,0x00,0x3D,0x00,0x04,0x00,0x09,0x00,0x00,0x00,0x87,0x01,0x00,0x00,
0x0A,0x00,0x00,0x00,0x63,0x00,0x05,0x00,0x87,0x01,0x00,0x00,0x49,0x00,0x00,0x00,0x86,0x01,0x00,0x00,0x00,0x00,0x00,0x00,
0xF9,0x00,0x02,0x00,0x3C,0x00,0x00,0x00,0xF8,0x00,0x02,0x00,0x3C,0x00,0x00,0x00,0xFD,0x00,0x01,0x00,0x38,0x00,0x01,0x00
};
alignas(4) inline constexpr unsigned char Resolve_dxil[] = {
0x44,0x58,0x42,0x43,0xAE,0x0B,0x8C,0x4A,0xC8,0xDA,0x2C,0x7C,0xF5,0xD2,0x54,0x9A,0xEA,0x19,0xF2,0x78,0x01,0x00,0x00,0x00,
0x54,0x13,0x00,0x00,0x07,0x00,0x00,0x00,0x3C,0x00,0x00,0x00,0x4C,0x00,0x00,0x00,0x5C,0x00,0x00,0x00,0x6C,0x00,0x00,0x00,
0x40,0x01,0x00,0x00,0x1C,0x0A,0x00,0x00,0x38,0x0A,0x00,0x00,0x53,0x46,0x49,0x30,0x08,0x00,0x00,0x00,0x00,0x00,0x00,0x00,
0x00,0x00,0x00,0x00,0x49,0x53,0x47,0x31,0x08,0x00,0x00,0x00,0x00,0x00,0x00,0x00,0x08,0x00,0x00,0x00,0x4F,0x53,0x47,0x31,
0x08,0x00,0x00,0x00,0x00,0x00,0x00,0x00,0x08,0x00,0x00,0x00,0x50,0x53,0x56,0x30,0xCC,0x00,0x00,0x00,0x34,0x00,0x00,0x00,
0x00,0x00,0x00,0x00,0x00,0x00,0x00,0x00,0x00,0x00,0x00,0x00,0x00,0x00,0x00,0x00,0x00,0x00,0x00,0x00,0xFF,0xFF,0xFF,0xFF,
0x05,0x00,0x00,0x00,0x00,0x00,0x00,0x00,0x00,0x00,0x00,0x00,0x08,0x00,0x00,0x00,0x08,0x00,0x00,0x00,0x01,0x00,0x00,0x00,
0x01,0x00,0x00,0x00,0x05,0x00,0x00,0x00,0x18,0x00,0x00,0x00,0x02,0x00,0x00,0x00,0x00,0x00,0x00,0x00,0x00,0x00,0x00,0x00,
0x00,0x00,0x00,0x00,0x0D,0x00,0x00,0x00,0x00,0x00,0x00,0x00,0x03,0x00,0x00,0x00,0x00,0x00,0x00,0x00,0x01,0x00,0x00,0x00,
0x01,0x00,0x00,0x00,0x02,0x00,0x00,0x00,0x00,0x00,0x00,0x00,0x03,0x00,0x00,0x00,0x00,0x00,0x00,0x00,0x04,0x00,0x00,0x00,
0x04,0x00,0x00,0x00,0x02,0x00,0x00,0x00,0x00,0x00,0x00,0x00,0x06,0x00,0x00,0x00,0x00,0x00,0x00,0x00,0x02,0x00,0x00,0x00,
0x02,0x00,0x00,0x00,0x02,0x00,0x00,0x00,0x00,0x00,0x00,0x00,0x06,0x00,0x00,0x00,0x00,0x00,0x00,0x00,0x03,0x00,0x00,0x00,
0x03,0x00,0x00,0x00,0x02,0x00,0x00,0x00,0x00,0x00,0x00,0x00,0x0C,0x00,0x00,0x00,0x00,0x52,0x65,0x73,0x6F,0x6C,0x76,0x65,
0x00,0x00,0x00,0x00,0x00,0x00,0x00,0x00,0x53,0x54,0x41,0x54,0xD4,0x08,0x00,0x00,0x60,0x00,0x05,0x00,0x35,0x02,0x00,0x00,
0x44,0x58,0x49,0x4C,0x00,0x01,0x00,0x00,0x10,0x00,0x00,0x00,0xBC,0x08,0x00,0x00,0x42,0x43,0xC0,0xDE,0x21,0x0C,0x00,0x00,
0x2C,0x02,0x00,0x00,0x0B,0x82,0x20,0x00,0x02,0x00,0x00,0x00,0x13,0x00,0x00,0x00,0x07,0x81,0x23,0x91,0x41,0xC8,0x04,0x49,
0x06,0x10,0x32,0x39,0x92,0x01,0x84,0x0C,0x25,0x05,0x08,0x19,0x1E,0x04,0x8B,0x62,0x80,0x18,0x45,0x02,0x42,0x92,0x0B,0x42,
0xC4,0x10,0x32,0x14,0x38,0x08,0x18,0x4B,0x0A,0x32,0x62,0x88,0x48,0x90,0x14,0x20,0x43,0x46,0x88,0xA5,0x00,0x19,0x32,0x42,
0xE4,0x48,0x0E,0x90,0x11,0x23,0xC4,0x50,0x41,0x51,0x81,0x8C,0xE1,0x83,0xE5,0x8A,0x04,0x31,0x46,0x06,0x51,0x18,0x00,0x00,
0x08,0x00,0x00,0x00,0x1B,0x8C,0xE0,0xFF,0xFF,0xFF,0xFF,0x07,0x40,0x02,0xA8,0x0D,0x86,0xF0,0xFF,0xFF,0xFF,0xFF,0x03,0x20,
0x01,0xD5,0x06,0x62,0xF8,0xFF,0xFF,0xFF,0xFF,0x01,0x90,0x00,0x49,0x18,0x00,0x00,0x03,0x00,0x00,0x00,0x13,0x82,0x60,0x42,
0x20,0x4C,0x08,0x06,0x00,0x00,0x00,0x00,0x89,0x20,0x00,0x00,0x87,0x00,0x00,0x00,0x32,0x22,0x88,0x09,0x20,0x64,0x85,0x04,
0x13,0x23,0xA4,0x84,0x04,0x13,0x23,0xE3,0x84,0xA1,0x90,0x14,0x12,0x4C,0x8C,0x8C,0x0B,0x84,0xC4,0x4C,0x10,0xAC,0xC1,0x08,
0x40,0x09,0x00,0x0A,0xE6,0x08,0xC0,0xA0,0x0C,0xC3,0x30,0x10,0x31,0x03,0x70,0xD3,0x70,0xF9,0x13,0xF6,0x10,0x92,0xBF,0x12,
0xD2,0x4A,0x4C,0x7E,0x71,0xDB,0xA8,0x30,0x0C,0xC3,0x18,0xE6,0x08,0x10,0x42,0xEE,0x19,0x2E,0x7F,0xC2,0x1E,0x42,0xF2,0x43,
0xA0,0x19,0x16,0x02,0x05,0x49,0x51,0x8E,0x41,0x19,0x86,0x61,0x18,0x86,0x81,0x96,0x32,0x18,0x83,0x41,0x4D,0x59,0x80,0x41,
0x19,0x86,0xC1,0x30,0x0C,0x03,0xA1,0xA7,0x10,0xC3,0x30,0x0C,0x14,0x1D,0x35,0x5C,0xFE,0x84,0x3D,0x84,0xE4,0x73,0x1B,0x55,
0xAC,0xC4,0xE4,0x23,0xB7,0x8D,0x88,0x61,0x18,0x86,0x42,0x4C,0x83,0x32,0x10,0x75,0xD4,0x70,0xF9,0x13,0xF6,0x10,0x92,0xCF,
0x6D,0x54,0xB1,0x12,0x93,0x5F,0xDC,0x36,0x22,0x0C,0xC3,0x30,0x0A,0x61,0x0D,0xCA,0x40,0xD7,0x1C,0x41,0x50,0x0C,0x65,0x40,
0x86,0x21,0x23,0x6D,0x20,0x60,0xA6,0x30,0x18,0x07,0x76,0x08,0x87,0x79,0x98,0x07,0x37,0xA0,0x85,0x72,0xC0,0x07,0x7A,0xA8,
0x07,0x79,0x28,0x07,0x39,0x20,0x05,0x3E,0x30,0x07,0x76,0x78,0x87,0x70,0xA0,0x07,0x3F,0xD0,0x03,0x3D,0x68,0x87,0x74,0x80,
0x87,0x79,0xF8,0x05,0x7A,0xC8,0x07,0x78,0x28,0x07,0x14,0x0C,0x33,0x59,0xE3,0xC0,0x0E,0xE1,0x30,0x0F,0xF3,0xE0,0x06,0xB4,
0x50,0x0E,0xF8,0x40,0x0F,0xF5,0x20,0x0F,0xE5,0x20,0x07,0xA4,0xC0,0x07,0xE6,0xC0,0x0E,0xEF,0x10,0x0E,0xF4,0xE0,0x07,0x48,
0x30,0x3A,0xF2,0x86,0x11,0x04,0x63,0xA6,0x36,0x18,0x07,0x76,0x08,0x87,0x79,0x98,0x07,0x37,0xA0,0x85,0x72,0xC0,0x07,0x7A,
0xA8,0x07,0x79,0x28,0x07,0x39,0x20,0x05,0x3E,0xB0,0x87,0x72,0x18,0x07,0x7A,0x78,0x07,0x79,0xE0,0x03,0x73,0x60,0x87,0x77,
0x08,0x07,0x7A,0x60,0x03,0x30,0x90,0x03,0x3F,0x00,0x03,0x3F,0xD0,0x03,0x3D,0x68,0x87,0x74,0x80,0x87,0x79,0xF8,0x05,0x7A,
0xC8,0x07,0x78,0x28,0x07,0x14,0x0C,0x33,0x89,0xC1,0x38,0xB0,0x43,0x38,0xCC,0xC3,0x3C,0xB8,0x01,0x2D,0x94,0x03,0x3E,0xD0,
0x43,0x3D,0xC8,0x43,0x39,0xC8,0x01,0x29,0xF0,0x81,0x3D,0x94,0xC3,0x38,0xD0,0xC3,0x3B,0xC8,0x03,0x1F,0x98,0x03,0x3B,0xBC,
0x43,0x38,0xD0,0x03,0x1B,0x80,0x81,0x1C,0xF8,0x01,0x18,0xF8,0x01,0x12,0xC0,0x90,0xC4,0x99,0xB0,0x71,0x60,0x87,0x70,0x98,
0x87,0x79,0x70,0x03,0x59,0xB8,0x05,0x5A,0x28,0x07,0x7C,0xA0,0x87,0x7A,0x90,0x87,0x72,0x90,0x03,0x52,0xE0,0x03,0x73,0x60,
0x87,0x77,0x08,0x07,0x7A,0xF0,0x03,0x14,0x18,0x44,0xCE,0x44,0x06,0xE3,0xC0,0x0E,0xE1,0x30,0x0F,0xF3,0xE0,0x06,0xB2,0x70,
0x0B,0xB4,0x50,0x0E,0xF8,0x40,0x0F,0xF5,0x20,0x0F,0xE5,0x20,0x07,0xA4,0xC0,0x07,0xF6,0x50,0x0E,0xE3,0x40,0x0F,0xEF,0x20,
0x0F,0x7C,0x60,0x0E,0xEC,0xF0,0x0E,0xE1,0x40,0x0F,0x6C,0x00,0x06,0x72,0xE0,0x07,0x60,0xE0,0x07,0x28,0x00,0xC9,0x3C,0x48,
0x9A,0x22,0x4A,0x98,0xFC,0x2F,0x02,0x18,0xA2,0x03,0x26,0x00,0x21,0xC3,0x30,0x0C,0x83,0x31,0x0C,0x57,0x14,0x11,0xC0,0x10,
0x28,0x40,0x29,0x05,0x13,0x14,0x72,0xC0,0x87,0x74,0x60,0x87,0x36,0x68,0x87,0x79,0x68,0x03,0x72,0xC0,0x87,0x0D,0xAF,0x50,
0x0E,0x6D,0xD0,0x0E,0x7A,0x50,0x0E,0x6D,0x00,0x0F,0x7A,0x30,0x07,0x72,0xA0,0x07,0x73,0x20,0x07,0x6D,0x90,0x0E,0x71,0xA0,
0x07,0x73,0x20,0x07,0x6D,0x90,0x0E,0x78,0xA0,0x07,0x73,0x20,0x07,0x6D,0x90,0x0E,0x71,0x60,0x07,0x7A,0x30,0x07,0x72,0xD0,
0x06,0xE9,0x30,0x07,0x72,0xA0,0x07,0x73,0x20,0x07,0x6D,0x90,0x0E,0x76,0x40,0x07,0x7A,0x60,0x07,0x74,0xD0,0x06,0xE6,0x10,
0x07,0x76,0xA0,0x07,0x73,0x20,0x07,0x6D,0x60,0x0E,0x73,0x20,0x07,0x7A,0x30,0x07,0x72,0xD0,0x06,0xE6,0x60,0x07,0x74,0xA0,
0x07,0x76,0x40,0x07,0x6D,0xE0,0x0E,0x78,0xA0,0x07,0x71,0x60,0x07,0x7A,0x30,0x07,0x72,0xA0,0x07,0x76,0x40,0x07,0x43,0x9E,
0x00,0x08,0x00,0x00,0x00,0x00,0x00,0x00,0x00,0x00,0x00,0x86,0x3C,0x04,0x10,0x00,0x01,0x00,0x00,0x00,0x00,0x00,0x00,0x00,
0x0C,0x79,0x16,0x20,0x00,0x04,0x00,0x00,0x00,0x00,0x00,0x00,0x00,0x18,0xF2,0x34,0x40,0x00,0x04,0x00,0x00,0x00,0x00,0x00,
0x00,0x00,0x30,0xE4,0x79,0x80,0x00,0x18,0x00,0x00,0x00,0x00,0x00,0x00,0x00,0x60,0xC8,0x13,0x01,0x01,0x10,0x00,0x00,0x00,
0x00,0x00,0x00,0x00,0xC0,0x90,0x87,0x02,0x02,0x40,0x00,0x00,0x00,0x00,0x00,0x00,0x00,0x80,0x21,0xCF,0x05,0x04,0x80,0x00,
0x00,0x00,0x00,0x00,0x00,0x00,0x00,0x43,0x1E,0x0D,0x08,0x00,0x01,0x00,0x00,0x00,0x00,0x00,0x00,0x00,0xB2,0x40,0x00,0x00,
0x12,0x00,0x00,0x00,0x32,0x1E,0x98,0x18,0x19,0x11,0x4C,0x90,0x8C,0x09,0x26,0x47,0xC6,0x04,0x43,0x1A,0x4A,0x60,0x04,0xA0,
0x18,0x8A,0xA0,0x24,0x0A,0xA1,0x0C,0x0A,0xA8,0x1C,0x4A,0xA1,0x20,0x0A,0xA3,0x40,0x0A,0xA5,0x60,0x0A,0xA7,0xD8,0x28,0x1B,
0x01,0xA0,0x6F,0x06,0x80,0xC6,0x19,0x00,0x2A,0x67,0x00,0xE8,0x9C,0x01,0x20,0x74,0x06,0x80,0xD2,0x19,0x00,0x52,0x67,0x00,
0x00,0x00,0x00,0x00,0x79,0x18,0x00,0x00,0xAC,0x00,0x00,0x00,0x1A,0x03,0x4C,0x90,0x46,0x02,0x13,0xC4,0x8E,0x0C,0x6F,0xEC,
0xED,0x4D,0x0C,0x24,0xC6,0x25,0xC7,0x45,0xC6,0x06,0x26,0xC7,0xA5,0x06,0x04,0x05,0x26,0x46,0xCC,0x46,0x26,0x8C,0x8C,0xE6,
0x26,0x65,0x43,0x10,0x4C,0x10,0x86,0x64,0x82,0x30,0x28,0x1B,0x84,0x81,0xD8,0x20,0x10,0x04,0x85,0xB1,0xB9,0x09,0xC2,0xB0,
0x6C,0x18,0x0E,0x84,0x98,0x20,0x7C,0x1B,0x95,0xB9,0xB1,0x32,0xB7,0x32,0xA2,0x32,0x38,0x3A,0xB4,0x09,0xC2,0xC0,0x4C,0x10,
0x86,0x66,0x83,0x40,0x34,0x1B,0x12,0x42,0x59,0x88,0x61,0x60,0x08,0x67,0x82,0x30,0x06,0x1C,0x99,0xB1,0xB7,0x30,0xB9,0xB9,
0xB2,0xA6,0x37,0xBA,0xB4,0x37,0xB7,0x09,0xC2,0xE0,0x6C,0x48,0x06,0x28,0x22,0xA4,0x81,0x21,0x9C,0x0D,0xC2,0x33,0x4D,0x10,
0xCA,0xA0,0x23,0x42,0x56,0x06,0x47,0x87,0xF6,0x54,0x47,0x37,0x41,0xC8,0xB4,0x0D,0x0B,0x51,0x59,0x04,0x33,0x30,0xD7,0x75,
0x39,0x13,0x84,0x33,0xF0,0x98,0xB4,0xBD,0xD1,0xA5,0xBD,0xB9,0x3D,0xD5,0xD1,0x4D,0x10,0x86,0x67,0xC3,0x32,0x64,0x1A,0xB1,
0x0D,0xCC,0x75,0x5D,0xCE,0x06,0x01,0xE3,0x26,0x08,0x6A,0x10,0x06,0x2C,0xCC,0xE4,0xC2,0xDA,0xCA,0x26,0x08,0x03,0xB4,0x01,
0x21,0xBC,0x8F,0x20,0x06,0x30,0x00,0x36,0x04,0x61,0xB0,0x81,0xA0,0x3A,0x31,0x00,0x26,0x08,0x68,0xF0,0xB1,0xB8,0x4B,0x23,
0xA3,0x43,0x9B,0x20,0x0C,0xD1,0x04,0x61,0x90,0x36,0x18,0x48,0x19,0x6C,0x84,0x19,0x9C,0x01,0x0D,0xB4,0xB2,0xB4,0x33,0x34,
0xBA,0x0D,0x06,0x92,0x06,0x9B,0x64,0x06,0x67,0x40,0xE2,0x2E,0x4C,0xAE,0x6D,0x82,0x30,0x4C,0x1B,0x0C,0x64,0x0D,0x36,0x36,
0x30,0x83,0x33,0x20,0x22,0x57,0x66,0x57,0x26,0x37,0x57,0x46,0x36,0x41,0x18,0xA8,0x0D,0x06,0xE2,0x06,0xDB,0x1B,0x98,0xC1,
0x19,0x70,0x61,0x7B,0x3B,0x0B,0x93,0x4B,0xA3,0x43,0x6B,0x4B,0x1B,0x9B,0x20,0x0C,0xD5,0x06,0x03,0x89,0x83,0x4D,0x0E,0xCC,
0xE0,0x0C,0xF8,0x90,0x95,0xC1,0xD1,0xA1,0x35,0xD5,0xB1,0xD1,0xA5,0xC1,0xB1,0xA5,0x95,0xC9,0x4D,0x10,0x06,0x6B,0x83,0x81,
0xD0,0xC1,0x56,0x07,0x66,0xD0,0x90,0x80,0x0B,0x23,0x83,0x99,0x20,0x0C,0xD7,0x06,0x03,0xB9,0x83,0x0D,0x0F,0xCC,0xE0,0x0C,
0x48,0xC0,0x85,0x91,0xC5,0x4C,0x10,0x06,0x6C,0x83,0x81,0xE8,0xC1,0xB6,0x07,0x66,0x70,0x06,0x1B,0x12,0x30,0x40,0x03,0x35,
0x68,0x03,0x38,0x98,0x03,0x3B,0xC8,0x03,0x3E,0x98,0x20,0xA4,0x01,0x18,0x6C,0x20,0x90,0x6F,0x23,0x36,0x08,0x60,0xF0,0x07,
0x1B,0x0A,0x82,0x0C,0xFA,0xC0,0x0F,0x40,0x61,0x82,0x20,0x00,0x1B,0x80,0x0D,0x03,0x31,0x0A,0xA3,0xB0,0x21,0x20,0x85,0x0D,
0xC3,0x20,0x0A,0xA5,0xC0,0x43,0xAA,0x6C,0xEE,0x8D,0xCD,0xAE,0x6C,0xC3,0xC0,0x06,0x6C,0x30,0x6C,0x10,0x24,0x54,0xD8,0x50,
0x88,0xC2,0x29,0x00,0x63,0x90,0x0A,0x44,0xC4,0xE4,0xC2,0xDC,0xC6,0xD0,0xCA,0xE6,0x68,0x98,0xB1,0xBD,0x85,0xD1,0xCD,0xB1,
0x48,0x73,0x9B,0xA3,0x9B,0x9B,0x20,0x0C,0x19,0x89,0x34,0x37,0xBA,0x39,0x22,0x74,0x65,0x78,0x5F,0x6C,0x6F,0x61,0x64,0x4C,
0xE8,0xCA,0xF0,0xBE,0xE6,0xE8,0xDE,0xE4,0xCA,0x58,0xD4,0xA5,0xB9,0xD1,0xCD,0x6D,0x70,0x56,0x81,0x61,0x05,0x33,0x68,0x05,
0x57,0x78,0x05,0x36,0x80,0x05,0x26,0x16,0x18,0x59,0x30,0x83,0x2A,0x6C,0x6C,0x76,0x6D,0x2E,0x69,0x64,0x65,0x6E,0x74,0x53,
0x82,0xA0,0x0A,0x19,0x9E,0x8B,0x5D,0x99,0xDC,0x5C,0xDA,0x9B,0xDB,0x94,0x80,0x68,0x42,0x86,0xE7,0x62,0x17,0xC6,0x66,0x57,
0x26,0x37,0x25,0x28,0xEA,0x90,0xE1,0xB9,0xCC,0xA1,0x85,0x91,0x95,0xC9,0x35,0xBD,0x91,0x95,0xB1,0x4D,0x09,0x90,0x32,0x64,
0x78,0x2E,0x72,0x65,0x73,0x6F,0x75,0x72,0x63,0x65,0x73,0x53,0x02,0x31,0xA8,0x44,0x86,0xE7,0x42,0x97,0x07,0x57,0x16,0xE4,
0xE6,0xF6,0x46,0x17,0x46,0x97,0xF6,0xE6,0x36,0x37,0x45,0x00,0x85,0x52,0xA8,0x43,0x86,0xE7,0x52,0xE6,0x46,0x27,0x97,0x07,
0xF5,0x96,0xE6,0x46,0x37,0x37,0x25,0x48,0x85,0x2E,0x64,0x78,0x2E,0x63,0x6F,0x75,0x6E,0x74,0x65,0x72,0x73,0x53,0x02,0x59,
0x00,0x00,0x00,0x00,0x79,0x18,0x00,0x00,0x51,0x00,0x00,0x00,0x33,0x08,0x80,0x1C,0xC4,0xE1,0x1C,0x66,0x14,0x01,0x3D,0x88,
0x43,0x38,0x84,0xC3,0x8C,0x42,0x80,0x07,0x79,0x78,0x07,0x73,0x98,0x71,0x0C,0xE6,0x00,0x0F,0xED,0x10,0x0E,0xF4,0x80,0x0E,
0x33,0x0C,0x42,0x1E,0xC2,0xC1,0x1D,0xCE,0xA1,0x1C,0x66,0x30,0x05,0x3D,0x88,0x43,0x38,0x84,0x83,0x1B,0xCC,0x03,0x3D,0xC8,
0x43,0x3D,0x8C,0x03,0x3D,0xCC,0x78,0x8C,0x74,0x70,0x07,0x7B,0x08,0x07,0x79,0x48,0x87,0x70,0x70,0x07,0x7A,0x70,0x03,0x76,
0x78,0x87,0x70,0x20,0x87,0x19,0xCC,0x11,0x0E,0xEC,0x90,0x0E,0xE1,0x30,0x0F,0x6E,0x30,0x0F,0xE3,0xF0,0x0E,0xF0,0x50,0x0E,
0x33,0x10,0xC4,0x1D,0xDE,0x21,0x1C,0xD8,0x21,0x1D,0xC2,0x61,0x1E,0x66,0x30,0x89,0x3B,0xBC,0x83,0x3B,0xD0,0x43,0x39,0xB4,
0x03,0x3C,0xBC,0x83,0x3C,0x84,0x03,0x3B,0xCC,0xF0,0x14,0x76,0x60,0x07,0x7B,0x68,0x07,0x37,0x68,0x87,0x72,0x68,0x07,0x37,
0x80,0x87,0x70,0x90,0x87,0x70,0x60,0x07,0x76,0x28,0x07,0x76,0xF8,0x05,0x76,0x78,0x87,0x77,0x80,0x87,0x5F,0x08,0x87,0x71,
0x18,0x87,0x72,0x98,0x87,0x79,0x98,0x81,0x2C,0xEE,0xF0,0x0E,0xEE,0xE0,0x0E,0xF5,0xC0,0x0E,0xEC,0x30,0x03,0x62,0xC8,0xA1,
0x1C,0xE4,0xA1,0x1C,0xCC,0xA1,0x1C,0xE4,0xA1,0x1C,0xDC,0x61,0x1C,0xCA,0x21,0x1C,0xC4,0x81,0x1D,0xCA,0x61,0x06,0xD6,0x90,
0x43,0x39,0xC8,0x43,0x39,0x98,0x43,0x39,0xC8,0x43,0x39,0xB8,0xC3,0x38,0x94,0x43,0x38,0x88,0x03,0x3B,0x94,0xC3,0x2F,0xBC,
0x83,0x3C,0xFC,0x82,0x3B,0xD4,0x03,0x3B,0xB0,0xC3,0x0C,0xC4,0x21,0x07,0x7C,0x70,0x03,0x7A,0x28,0x87,0x76,0x80,0x87,0x19,
0xD1,0x43,0x0E,0xF8,0xE0,0x06,0xE4,0x20,0x0E,0xE7,0xE0,0x06,0xF6,0x10,0x0E,0xF2,0xC0,0x0E,0xE1,0x90,0x0F,0xEF,0x50,0x0F,
0xF4,0x30,0x83,0x81,0xC8,0x01,0x1F,0xDC,0x40,0x1C,0xE4,0xA1,0x1C,0xC2,0x61,0x1D,0xDC,0x40,0x1C,0xE4,0x01,0x00,0x00,0x00,
0x71,0x20,0x00,0x00,0x26,0x00,0x00,0x00,0x06,0x70,0xAC,0x84,0xE4,0x2C,0x15,0x61,0x05,0xD0,0x70,0xF9,0xCE,0xE3,0x07,0x48,
0x03,0x44,0x98,0x8F,0xDC,0xB6,0x1D,0x6C,0xC3,0xE5,0x3B,0x8F,0x2F,0x04,0x54,0x51,0x10,0x51,0xE9,0x00,0x43,0x49,0x18,0x80,
0x80,0xF9,0xC5,0x6D,0x9B,0xC1,0x36,0x5C,0xBE,0xF3,0xF8,0x42,0x40,0x15,0x05,0x11,0x95,0x0E,0x30,0x94,0x84,0x01,0x08,0x98,
0x8F,0xDC,0xB6,0x21,0x48,0xC3,0xE5,0x3B,0x8F,0x2F,0x44,0x04,0x30,0x11,0x21,0xD0,0x0C,0x0B,0x61,0x02,0xD5,0x70,0xF9,0xCE,
0xE3,0x4F,0xC4,0x35,0x51,0x11,0x51,0x3A,0xC0,0xE0,0x17,0xB7,0x6D,0x04,0xD6,0x70,0xF9,0xCE,0xE3,0x4F,0xC4,0x35,0x51,0x11,
0xC1,0x4E,0x4E,0x44,0xF8,0xC5,0x6D,0x5B,0x80,0x34,0x5C,0xBE,0xF3,0xF8,0xD3,0x11,0x11,0xC0,0x20,0x0E,0x3E,0x72,0xDB,0x36,
0xF0,0x0C,0x97,0xEF,0x3C,0x3E,0xD5,0x00,0x11,0xE6,0x17,0xB7,0x0D,0x00,0x00,0x00,0x00,0x00,0x00,0x00,0x48,0x41,0x53,0x48,
0x14,0x00,0x00,0x00,0x00,0x00,0x00,0x00,0x0B,0x27,0xC5,0xB4,0x20,0x01,0x24,0x55,0xAD,0x75,0x8B,0x94,0xDD,0x34,0x9D,0x84,
0x44,0x58,0x49,0x4C,0x14,0x09,0x00,0x00,0x60,0x00,0x05,0x00,0x45,0x02,0x00,0x00,0x44,0x58,0x49,0x4C,0x00,0x01,0x00,0x00,
0x10,0x00,0x00,0x00,0xFC,0x08,0x00,0x00,0x42,0x43,0xC0,0xDE,0x21,0x0C,0x00,0x00,0x3C,0x02,0x00,0x00,0x0B,0x82,0x20,0x00,
0x02,0x00,0x00,0x00,0x13,0x00,0x00,0x00,0x07,0x81,0x23,0x91,0x41,0xC8,0x04,0x49,0x06,0x10,0x32,0x39,0x92,0x01,0x84,0x0C,
0x25,0x05,0x08,0x19,0x1E,0x04,0x8B,0x62,0x80,0x18,0x45,0x02,0x42,0x92,0x0B,0x42,0xC4,0x10,0x32,0x14,0x38,0x08,0x18,0x4B,
0x0A,0x32,0x62,0x88,0x48,0x90,0x14,0x20,0x43,0x46,0x88,0xA5,0x00,0x19,0x32,0x42,0xE4,0x48,0x0E,0x90,0x11,0x23,0xC4,0x50,
0x41,0x51,0x81,0x8C,0xE1,0x83,0xE5,0x8A,0x04,0x31,0x46,0x06,0x51,0x18,0x00,0x00,0x08,0x00,0x00,0x00,0x1B,0x8C,0xE0,0xFF,
0xFF,0xFF,0xFF,0x07,0x40,0x02,0xA8,0x0D,0x86,0xF0,0xFF,0xFF,0xFF,0xFF,0x03,0x20,0x01,0xD5,0x06,0x62,0xF8,0xFF,0xFF,0xFF,
0xFF,0x01,0x90,0x00,0x49,0x18,0x00,0x00,0x03,0x00,0x00,0x00,0x13,0x82,0x60,0x42,0x20,0x4C,0x08,0x06,0x00,0x00,0x00,0x00,
0x89,0x20,0x00,0x00,0x88,0x00,0x00,0x00,0x32,0x22,0x88,0x09,0x20,0x64,0x85,0x04,0x13,0x23,0xA4,0x84,0x04,0x13,0x23,0xE3,
0x84,0xA1,0x90,0x14,0x12,0x4C,0x8C,0x8C,0x0B,0x84,0xC4,0x4C,0x10,0xB0,0xC1,0x08,0x40,0x09,0x00,0x0A,0xE6,0x08,0xC0,0xA0,
0x0C,0xC3,0x30,0x10,0x31,0x03,0x70,0xD3,0x70,0xF9,0x13,0xF6,0x10,0x92,0xBF,0x12,0xD2,0x4A,0x4C,0x7E,0x71,0xDB,0xA8,0x30,
0x0C,0xC3,0x18,0xE6,0x08,0x10,0x42,0xEE,0x19,0x2E,0x7F,0xC2,0x1E,0x42,0xF2,0x43,0xA0,0x19,0x16,0x02,0x05,0x49,0x51,0x8E,
0x41,0x19,0x86,0x61,0x18,0x86,0x81,0x96,0x32,0x18,0x83,0x41,0x4D,0x59,0x80,0x41,0x19,0x86,0xC1,0x30,0x0C,0x03,0xA1,0xA7,
0x10,0xC3,0x30,0x0C,0x14,0x1D,0x35,0x5C,0xFE,0x84,0x3D,0x84,0xE4,0x73,0x1B,0x55,0xAC,0xC4,0xE4,0x23,0xB7,0x8D,0x88,0x61,
0x18,0x86,0x42,0x4C,0x83,0x32,0x10,0x75,0xD4,0x70,0xF9,0x13,0xF6,0x10,0x92,0xCF,0x6D,0x54,0xB1,0x12,0x93,0x5F,0xDC,0x36,
0x22,0x0C,0xC3,0x30,0x0A,0x61,0x0D,0xCA,0x40,0xD7,0x1C,0x41,0x50,0x0C,0x65,0x40,0x86,0x21,0x23,0x6D,0x20,0x60,0xA6,0x30,
0x18,0x07,0x76,0x08,0x87,0x79,0x98,0x07,0x37,0xA0,0x85,0x72,0xC0,0x07,0x7A,0xA8,0x07,0x79,0x28,0x07,0x39,0x20,0x05,0x3E,
0x30,0x07,0x76,0x78,0x87,0x70,0xA0,0x07,0x3F,0xD0,0x03,0x3D,0x68,0x87,0x74,0x80,0x87,0x79,0xF8,0x05,0x7A,0xC8,0x07,0x78,
0x28,0x07,0x14,0x0C,0x33,0x59,0xE3,0xC0,0x0E,0xE1,0x30,0x0F,0xF3,0xE0,0x06,0xB4,0x50,0x0E,0xF8,0x40,0x0F,0xF5,0x20,0x0F,
0xE5,0x20,0x07,0xA4,0xC0,0x07,0xE6,0xC0,0x0E,0xEF,0x10,0x0E,0xF4,0xE0,0x07,0x48,0x30,0x3A,0xF2,0x86,0x11,0x04,0x63,0xA6,
0x36,0x18,0x07,0x76,0x08,0x87,0x79,0x98,0x07,0x37,0xA0,0x85,0x72,0xC0,0x07,0x7A,0xA8,0x07,0x79,0x28,0x07,0x39,0x20,0x05,
0x3E,0xB0,0x87,0x72,0x18,0x07,0x7A,0x78,0x07,0x79,0xE0,0x03,0x73,0x60,0x87,0x77,0x08,0x07,0x7A,0x60,0x03,0x30,0x90,0x03,
0x3F,0x00,0x03,0x3F,0xD0,0x03,0x3D,0x68,0x87,0x74,0x80,0x87,0x79,0xF8,0x05,0x7A,0xC8,0x07,0x78,0x28,0x07,0x14,0x0C,0x33,
0x89,0xC1,0x38,0xB0,0x43,0x38,0xCC,0xC3,0x3C,0xB8,0x01,0x2D,0x94,0x03,0x3E,0xD0,0x43,0x3D,0xC8,0x43,0x39,0xC8,0x01,0x29,
0xF0,0x81,0x3D,0x94,0xC3,0x38,0xD0,0xC3,0x3B,0xC8,0x03,0x1F,0x98,0x03,0x3B,0xBC,0x43,0x38,0xD0,0x03,0x1B,0x80,0x81,0x1C,
0xF8,0x01,0x18,0xF8,0x01,0x12,0xC0,0x90,0xC4,0x99,0xB0,0x71,0x60,0x87,0x70,0x98,0x87,0x79,0x70,0x03,0x59,0xB8,0x05,0x5A,
0x28,0x07,0x7C,0xA0,0x87,0x7A,0x90,0x87,0x72,0x90,0x03,0x52,0xE0,0x03,0x73,0x60,0x87,0x77,0x08,0x07,0x7A,0xF0,0x03,0x14,
0x18,0x44,0xCE,0x44,0x06,0xE3,0xC0,0x0E,0xE1,0x30,0x0F,0xF3,0xE0,0x06,0xB2,0x70,0x0B,0xB4,0x50,0x0E,0xF8,0x40,0x0F,0xF5,
0x20,0x0F,0xE5,0x20,0x07,0xA4,0xC0,0x07,0xF6,0x50,0x0E,0xE3,0x40,0x0F,0xEF,0x20,0x0F,0x7C,0x60,0x0E,0xEC,0xF0,0x0E,0xE1,
0x40,0x0F,0x6C,0x00,0x06,0x72,0xE0,0x07,0x60,0xE0,0x07,0x28,0x00,0xC9,0x3C,0x48,0x9A,0x22,0x4A,0x98,0xFC,0x2F,0x02,0x18,
0xA2,0x03,0x26,0x00,0x21,0xC3,0x30,0x0C,0x83,0x31,0x0C,0x57,0x14,0x11,0xC0,0x10,0x28,0x40,0x29,0x9D,0x02,0x00,0x00,0x00,
0x13,0x14,0x72,0xC0,0x87,0x74,0x60,0x87,0x36,0x68,0x87,0x79,0x68,0x03,0x72,0xC0,0x87,0x0D,0xAF,0x50,0x0E,0x6D,0xD0,0x0E,
0x7A,0x50,0x0E,0x6D,0x00,0x0F,0x7A,0x30,0x07,0x72,0xA0,0x07,0x73,0x20,0x07,0x6D,0x90,0x0E,0x71,0xA0,0x07,0x73,0x20,0x07,
0x6D,0x90,0x0E,0x78,0xA0,0x07,0x73,0x20,0x07,0x6D,0x90,0x0E,0x71,0x60,0x07,0x7A,0x30,0x07,0x72,0xD0,0x06,0xE9,0x30,0x07,
0x72,0xA0,0x07,0x73,0x20,0x07,0x6D,0x90,0x0E,0x76,0x40,0x07,0x7A,0x60,0x07,0x74,0xD0,0x06,0xE6,0x10,0x07,0x76,0xA0,0x07,
0x73,0x20,0x07,0x6D,0x60,0x0E,0x73,0x20,0x07,0x7A,0x30,0x07,0x72,0xD0,0x06,0xE6,0x60,0x07,0x74,0xA0,0x07,0x76,0x40,0x07,
0x6D,0xE0,0x0E,0x78,0xA0,0x07,0x71,0x60,0x07,0x7A,0x30,0x07,0x72,0xA0,0x07,0x76,0x40,0x07,0x43,0x9E,0x00,0x00,0x00,0x00,
0x00,0x00,0x00,0x00,0x00,0x00,0x00,0x86,0x3C,0x04,0x10,0x00,0x01,0x00,0x00,0x00,0x00,0x00,0x00,0x00,0x0C,0x79,0x16,0x20,
0x00,0x04,0x00,0x00,0x00,0x00,0x00,0x00,0x00,0x18,0xF2,0x34,0x40,0x00,0x04,0x00,0x00,0x00,0x00,0x00,0x00,0x00,0x30,0xE4,
0x79,0x80,0x00,0x18,0x00,0x00,0x00,0x00,0x00,0x00,0x00,0x60,0xC8,0x13,0x01,0x01,0x10,0x00,0x00,0x00,0x00,0x00,0x00,0x00,
0xC0,0x90,0x87,0x02,0x02,0x40,0x00,0x00,0x00,0x00,0x00,0x00,0x00,0x80,0x21,0xCF,0x05,0x04,0x80,0x00,0x00,0x00,0x00,0x00,
0x00,0x00,0x00,0x43,0x1E,0x0D,0x08,0x00,0x01,0x00,0x00,0x00,0x00,0x00,0x00,0x00,0xB2,0x40,0x00,0x00,0x0D,0x00,0x00,0x00,
0x32,0x1E,0x98,0x14,0x19,0x11,0x4C,0x90,0x8C,0x09,0x26,0x47,0xC6,0x04,0x43,0x1A,0x4A,0x60,0x04,0xA0,0x24,0x8A,0xA1,0x08,
0x0A,0xA1,0x0C,0x0A,0xA8,0x20,0x28,0x1B,0x01,0xA0,0x6F,0x06,0x80,0xC6,0x19,0x00,0x2A,0x67,0x00,0xE8,0x9C,0x01,0x20,0x75,
0x06,0x00,0x00,0x00,0x79,0x18,0x00,0x00,0x4A,0x00,0x00,0x00,0x1A,0x03,0x4C,0x90,0x46,0x02,0x13,0xC4,0x8E,0x0C,0x6F,0xEC,
0xED,0x4D,0x0C,0x24,0xC6,0x25,0xC7,0x45,0xC6,0x06,0x26,0xC7,0xA5,0x06,0x04,0x05,0x26,0x46,0xCC,0x46,0x26,0x8C,0x8C,0xE6,
0x26,0x65,0x43,0x10,0x4C,0x10,0x86,0x64,0x82,0x30,0x28,0x1B,0x84,0x81,0x98,0x20,0x0C,0xCB,0x06,0x61,0x30,0x28,0x8C,0xCD,
0x4D,0x10,0x06,0x66,0xC3,0x80,0x24,0xC4,0x04,0xE1,0x9B,0x08,0x4C,0x10,0x86,0x66,0x83,0x40,0x18,0x1B,0x12,0x62,0x61,0x88,
0x61,0x68,0x08,0x67,0x82,0x30,0x06,0xD4,0x04,0x61,0x70,0x36,0x24,0x03,0xC4,0x10,0xD1,0xD0,0x10,0xCE,0x06,0xE1,0x91,0x26,
0x08,0x65,0x50,0x4D,0x10,0x32,0x69,0xC3,0x42,0x50,0x0C,0xD1,0x0C,0x4D,0x55,0x55,0xCE,0x04,0xE1,0x0C,0xAC,0x09,0xC2,0xF0,
0x6C,0x58,0x86,0x8B,0x21,0xB0,0xA1,0xA9,0xAA,0xCA,0xD9,0x20,0x58,0xD9,0x04,0x41,0x0D,0xAE,0x09,0xC2,0x00,0x6D,0x40,0x88,
0x8D,0x21,0x88,0x81,0x03,0x36,0x04,0xDD,0x06,0x62,0xD2,0x3C,0x60,0x82,0x20,0x00,0x3C,0xA4,0xCA,0xE6,0xDE,0xD8,0xEC,0xCA,
0x26,0x08,0x43,0xB4,0x61,0x10,0x03,0x31,0x18,0x36,0x08,0xD1,0x18,0x6C,0x28,0xC0,0x20,0x0C,0x80,0x8F,0x0C,0xAA,0xB0,0xB1,
0xD9,0xB5,0xB9,0xA4,0x91,0x95,0xB9,0xD1,0x4D,0x09,0x82,0x2A,0x64,0x78,0x2E,0x76,0x65,0x72,0x73,0x69,0x6F,0x6E,0x53,0x02,
0xA2,0x09,0x19,0x9E,0x8B,0x5D,0x18,0x9B,0x5D,0x99,0xDC,0x94,0xC0,0xA8,0x43,0x86,0xE7,0x32,0x87,0x16,0x46,0x56,0x26,0xD7,
0xF4,0x46,0x56,0xC6,0x36,0x25,0x48,0xCA,0x90,0xE1,0xB9,0xC8,0x95,0xCD,0xBD,0xD5,0xC9,0x8D,0x95,0xCD,0x4D,0x09,0xBC,0x3A,
0x64,0x78,0x2E,0x65,0x6E,0x74,0x72,0x79,0x50,0x6F,0x69,0x6E,0x74,0x73,0x53,0x02,0x32,0x00,0x00,0x00,0x79,0x18,0x00,0x00,
0x51,0x00,0x00,0x00,0x33,0x08,0x80,0x1C,0xC4,0xE1,0x1C,0x66,0x14,0x01,0x3D,0x88,0x43,0x38,0x84,0xC3,0x8C,0x42,0x80,0x07,
0x79,0x78,0x07,0x73,0x98,0x71,0x0C,0xE6,0x00,0x0F,0xED,0x10,0x0E,0xF4,0x80,0x0E,0x33,0x0C,0x42,0x1E,0xC2,0xC1,0x1D,0xCE,
0xA1,0x1C,0x66,0x30,0x05,0x3D,0x88,0x43,0x38,0x84,0x83,0x1B,0xCC,0x03,0x3D,0xC8,0x43,0x3D,0x8C,0x03,0x3D,0xCC,0x78,0x8C,
0x74,0x70,0x07,0x7B,0x08,0x07,0x79,0x48,0x87,0x70,0x70,0x07,0x7A,0x70,0x03,0x76,0x78,0x87,0x70,0x20,0x87,0x19,0xCC,0x11,
0x0E,0xEC,0x90,0x0E,0xE1,0x30,0x0F,0x6E,0x30,0x0F,0xE3,0xF0,0x0E,0xF0,0x50,0x0E,0x33,0x10,0xC4,0x1D,0xDE,0x21,0x1C,0xD8,
0x21,0x1D,0xC2,0x61,0x1E,0x66,0x30,0x89,0x3B,0xBC,0x83,0x3B,0xD0,0x43,0x39,0xB4,0x03,0x3C,0xBC,0x83,0x3C,0x84,0x03,0x3B,
0xCC,0xF0,0x14,0x76,0x60,0x07,0x7B,0x68,0x07,0x37,0x68,0x87,0x72,0x68,0x07,0x37,0x80,0x87,0x70,0x90,0x87,0x70,0x60,0x07,
0x76,0x28,0x07,0x76,0xF8,0x05,0x76,0x78,0x87,0x77,0x80,0x87,0x5F,0x08,0x87,0x71,0x18,0x87,0x72,0x98,0x87,0x79,0x98,0x81,
0x2C,0xEE,0xF0,0x0E,0xEE,0xE0,0x0E,0xF5,0xC0,0x0E,0xEC,0x30,0x03,0x62,0xC8,0xA1,0x1C,0xE4,0xA1,0x1C,0xCC,0xA1,0x1C,0xE4,
0xA1,0x1C,0xDC,0x61,0x1C,0xCA,0x21,0x1C,0xC4,0x81,0x1D,0xCA,0x61,0x06,0xD6,0x90,0x43,0x39,0xC8,0x43,0x39,0x98,0x43,0x39,
0xC8,0x43,0x39,0xB8,0xC3,0x38,0x94,0x43,0x38,0x88,0x03,0x3B,0x94,0xC3,0x2F,0xBC,0x83,0x3C,0xFC,0x82,0x3B,0xD4,0x03,0x3B,
0xB0,0xC3,0x0C,0xC4,0x21,0x07,0x7C,0x70,0x03,0x7A,0x28,0x87,0x76,0x80,0x87,0x19,0xD1,0x43,0x0E,0xF8,0xE0,0x06,0xE4,0x20,
0x0E,0xE7,0xE0,0x06,0xF6,0x10,0x0E,0xF2,0xC0,0x0E,0xE1,0x90,0x0F,0xEF,0x50,0x0F,0xF4,0x30,0x83,0x81,0xC8,0x01,0x1F,0xDC,
0x40,0x1C,0xE4,0xA1,0x1C,0xC2,0x61,0x1D,0xDC,0x40,0x1C,0xE4,0x01,0x00,0x00,0x00,0x71,0x20,0x00,0x00,0x26,0x00,0x00,0x00,
0x06,0x70,0xAC,0x84,0xE4,0x2C,0x15,0x61,0x05,0xD0,0x70,0xF9,0xCE,0xE3,0x07,0x48,0x03,0x44,0x98,0x8F,0xDC,0xB6,0x1D,0x6C,
0xC3,0xE5,0x3B,0x8F,0x2F,0x04,0x54,0x51,0x10,0x51,0xE9,0x00,0x43,0x49,0x18,0x80,0x80,0xF9,0xC5,0x6D,0x9B,0xC1,0x36,0x5C,
0xBE,0xF3,0xF8,0x42,0x40,0x15,0x05,0x11,0x95,0x0E,0x30,0x94,0x84,0x01,0x08,0x98,0x8F,0xDC,0xB6,0x21,0x48,0xC3,0xE5,0x3B,
0x8F,0x2F,0x44,0x04,0x30,0x11,0x21,0xD0,0x0C,0x0B,0x61,0x02,0xD5,0x70,0xF9,0xCE,0xE3,0x4F,0xC4,0x35,0x51,0x11,0x51,0x3A,
0xC0,0xE0,0x17,0xB7,0x6D,0x04,0xD6,0x70,0xF9,0xCE,0xE3,0x4F,0xC4,0x35,0x51,0x11,0xC1,0x4E,0x4E,0x44,0xF8,0xC5,0x6D,0x5B,
0x80,0x34,0x5C,0xBE,0xF3,0xF8,0xD3,0x11,0x11,0xC0,0x20,0x0E,0x3E,0x72,0xDB,0x36,0xF0,0x0C,0x97,0xEF,0x3C,0x3E,0xD5,0x00,
0x11,0xE6,0x17,0xB7,0x0D,0x00,0x00,0x00,0x61,0x20,0x00,0x00,0x74,0x00,0x00,0x00,0x13,0x04,0x45,0x2C,0x10,0x00,0x00,0x00,
0x0F,0x00,0x00,0x00,0x34,0xCC,0x00,0x94,0x5C,0xD9,0x95,0x6E,0x40,0x11,0x06,0x94,0x61,0x40,0x0D,0x14,0x54,0xA9,0x94,0x03,
0x21,0x45,0x50,0x1E,0x23,0x00,0x25,0x40,0xC6,0x18,0x01,0x08,0x82,0x20,0xFE,0x8D,0x11,0x80,0x20,0x08,0xB3,0x61,0x30,0x46,
0x00,0x82,0x20,0x88,0xFF,0xC2,0x18,0x81,0x3D,0xB3,0xB6,0xE9,0x01,0x00,0x00,0x00,0x23,0x06,0x09,0x00,0x82,0x60,0xA0,0x89,
0x41,0x54,0x84,0xC1,0x86,0x8D,0x18,0x24,0x00,0x08,0x82,0x81,0x36,0x06,0x92,0x11,0x06,0x5E,0x36,0x62,0x90,0x00,0x20,0x08,
0x06,0x1A,0x19,0x4C,0xC8,0x18,0x78,0xDA,0x88,0x41,0x02,0x80,0x20,0x18,0x68,0x65,0x40,0x25,0x63,0x40,0x06,0xDB,0x88,0x41,
0x02,0x80,0x20,0x18,0x68,0x66,0x50,0x31,0x64,0x40,0x06,0xDC,0x88,0x81,0x01,0x80,0x20,0x18,0x10,0x6E,0x40,0x95,0xC1,0x88,
0x81,0x01,0x80,0x20,0x18,0x10,0x6F,0x50,0x9D,0xC1,0x88,0xC1,0x01,0x80,0x20,0x18,0x50,0x6B,0x70,0x0D,0x67,0x30,0x9A,0x10,
0x00,0xC3,0x0D,0x44,0x40,0x06,0xA3,0x09,0x43,0x30,0xDC,0x50,0x04,0x64,0x50,0x43,0xA0,0xB3,0x0C,0x01,0x11,0x8C,0x18,0x34,
0x00,0x08,0x82,0xC1,0x52,0x07,0x9B,0xD2,0x06,0xC8,0xF1,0x7D,0xDF,0x37,0x9A,0x10,0x00,0x23,0x06,0x07,0x00,0x82,0x60,0x70,
0xC9,0xC1,0xB7,0xC0,0xC1,0x68,0x42,0x10,0x58,0x30,0xC8,0x67,0xC4,0xE0,0x00,0x40,0x10,0x0C,0x28,0x3B,0x10,0x03,0x67,0x0E,
0x46,0x13,0x02,0x60,0xB8,0x21,0xA0,0x03,0x30,0x98,0x65,0x18,0x84,0xC0,0x08,0x4B,0x3E,0x23,0x06,0x06,0x00,0x82,0x60,0xD0,
0xF4,0x01,0x18,0x04,0x16,0x64,0xF0,0xB1,0x60,0x93,0xCF,0x2C,0xC1,0x30,0x50,0x61,0x08,0x02,0x14,0x8C,0x26,0x4C,0xC3,0x70,
0x43,0xB0,0x07,0x61,0x60,0x60,0x30,0xC4,0x67,0xBA,0x21,0x20,0x84,0x11,0x03,0x03,0x00,0x41,0x30,0x68,0x4A,0xE1,0x0C,0x82,
0x11,0x03,0x07,0x00,0x41,0x30,0x78,0x4A,0x81,0x0D,0x3C,0x2D,0x8B,0x83,0x20,0x08,0x02,0x33,0x18,0x31,0x38,0x00,0x10,0x04,
0x03,0x6A,0x14,0xDE,0x60,0xFB,0x83,0xD1,0x84,0x00,0xA8,0x80,0x0F,0xA0,0x82,0x3F,0xC0,0xD1,0x04,0x22,0xA8,0xE0,0x0F,0xA0,
0x02,0x51,0x40,0x23,0xE4,0x00,0x04,0x26,0xCC,0x01,0x08,0x6A,0x0C,0x4A,0x01,0x6B,0x0C,0x4C,0x01,0x47,0x0C,0x0E,0x00,0x04,
0xC1,0x20,0x7A,0x85,0x3A,0x10,0x88,0x11,0x83,0x03,0x00,0x41,0x30,0x88,0x60,0xC1,0x0E,0x04,0x62,0xC4,0xA0,0x01,0x40,0x10,
0x0C,0x16,0x5A,0xD0,0x03,0x35,0x60,0x05,0x21,0xF0,0x03,0x3F,0xF0,0x03,0x3F,0x18,0x4D,0x08,0x80,0xD1,0x04,0x21,0x18,0x31,
0x70,0x00,0x10,0x04,0x83,0xA7,0x16,0xF8,0xE0,0x0D,0xD4,0x20,0x0D,0x42,0x41,0x08,0x04,0xC1,0x0E,0x66,0x09,0x08,0x04,0x00,
0x00,0x00,0x00,0x00
};
alignas(4) inline constexpr unsigned char Resolve_spirv[] = {
0x03,0x02,0x23,0x07,0x00,0x03,0x01,0x00,0x00,0x00,0x0E,0x00,0x7B,0x00,0x00,0x00,0x00,0x00,0x00,0x00,0x11,0x00,0x02,0x00,
0x01,0x00,0x00,0x00,0x11,0x00,0x02,0x00,0x31,0x00,0x00,0x00,0x0B,0x00,0x06,0x00,0x01,0x00,0x00,0x00,0x47,0x4C,0x53,0x4C,
0x2E,0x73,0x74,0x64,0x2E,0x34,0x35,0x30,0x00,0x00,0x00,0x00,0x0E,0x00,0x03,0x00,0x00,0x00,0x00,0x00,0x01,0x00,0x00,0x00,
0x0F,0x00,0x06,0x00,0x05,0x00,0x00,0x00,0x02,0x00,0x00,0x00,0x52,0x65,0x73,0x6F,0x6C,0x76,0x65,0x00,0x03,0x00,0x00,0x00,
0x10,0x00,0x06,0x00,0x02,0x00,0x00,0x00,0x11,0x00,0x00,0x00,0x08,0x00,0x00,0x00,0x08,0x00,0x00,0x00,0x01,0x00,0x00,0x00,
0x03,0x00,0x03,0x00,0x05,0x00,0x00,0x00,0x58,0x02,0x00,0x00,0x05,0x00,0x0A,0x00,0x04,0x00,0x00,0x00,0x74,0x79,0x70,0x65,
0x2E,0x43,0x6F,0x6E,0x73,0x74,0x61,0x6E,0x74,0x42,0x75,0x66,0x66,0x65,0x72,0x2E,0x46,0x72,0x61,0x6D,0x65,0x44,0x61,0x74,
0x61,0x00,0x00,0x00,0x06,0x00,0x05,0x00,0x04,0x00,0x00,0x00,0x00,0x00,0x00,0x00,0x77,0x69,0x64,0x74,0x68,0x00,0x00,0x00,
0x06,0x00,0x05,0x00,0x04,0x00,0x00,0x00,0x01,0x00,0x00,0x00,0x68,0x65,0x69,0x67,0x68,0x74,0x00,0x00,0x06,0x00,0x05,0x00,
0x04,0x00,0x00,0x00,0x02,0x00,0x00,0x00,0x77,0x61,0x72,0x6D,0x00,0x00,0x00,0x00,0x06,0x00,0x06,0x00,0x04,0x00,0x00,0x00,
0x03,0x00,0x00,0x00,0x72,0x65,0x76,0x65,0x72,0x73,0x65,0x64,0x00,0x00,0x00,0x00,0x06,0x00,0x06,0x00,0x04,0x00,0x00,0x00,
0x04,0x00,0x00,0x00,0x6C,0x6F,0x67,0x61,0x72,0x69,0x74,0x68,0x6D,0x69,0x63,0x00,0x06,0x00,0x07,0x00,0x04,0x00,0x00,0x00,
0x05,0x00,0x00,0x00,0x64,0x65,0x70,0x74,0x68,0x4D,0x75,0x6C,0x74,0x69,0x70,0x6C,0x69,0x65,0x72,0x00,0x06,0x00,0x05,0x00,
0x04,0x00,0x00,0x00,0x06,0x00,0x00,0x00,0x70,0x61,0x64,0x30,0x00,0x00,0x00,0x00,0x06,0x00,0x05,0x00,0x04,0x00,0x00,0x00,
0x07,0x00,0x00,0x00,0x70,0x61,0x64,0x31,0x00,0x00,0x00,0x00,0x05,0x00,0x04,0x00,0x05,0x00,0x00,0x00,0x66,0x72,0x61,0x6D,
0x65,0x00,0x00,0x00,0x05,0x00,0x06,0x00,0x06,0x00,0x00,0x00,0x74,0x79,0x70,0x65,0x2E,0x32,0x64,0x2E,0x69,0x6D,0x61,0x67,
0x65,0x00,0x00,0x00,0x05,0x00,0x05,0x00,0x07,0x00,0x00,0x00,0x73,0x63,0x65,0x6E,0x65,0x44,0x65,0x70,0x74,0x68,0x00,0x00,
0x05,0x00,0x06,0x00,0x08,0x00,0x00,0x00,0x63,0x6F,0x61,0x72,0x73,0x65,0x4D,0x6F,0x74,0x69,0x6F,0x6E,0x00,0x00,0x00,0x00,
0x05,0x00,0x06,0x00,0x09,0x00,0x00,0x00,0x74,0x79,0x70,0x65,0x2E,0x32,0x64,0x2E,0x69,0x6D,0x61,0x67,0x65,0x00,0x00,0x00,
0x05,0x00,0x06,0x00,0x0A,0x00,0x00,0x00,0x74,0x79,0x70,0x65,0x2E,0x32,0x64,0x2E,0x69,0x6D,0x61,0x67,0x65,0x00,0x00,0x00,
0x05,0x00,0x05,0x00,0x0B,0x00,0x00,0x00,0x64,0x65,0x70,0x74,0x68,0x4F,0x75,0x74,0x00,0x00,0x00,0x00,0x05,0x00,0x05,0x00,
0x0C,0x00,0x00,0x00,0x6D,0x6F,0x74,0x69,0x6F,0x6E,0x4F,0x75,0x74,0x00,0x00,0x00,0x05,0x00,0x04,0x00,0x02,0x00,0x00,0x00,
0x52,0x65,0x73,0x6F,0x6C,0x76,0x65,0x00,0x47,0x00,0x04,0x00,0x03,0x00,0x00,0x00,0x0B,0x00,0x00,0x00,0x1C,0x00,0x00,0x00,
0x47,0x00,0x04,0x00,0x07,0x00,0x00,0x00,0x22,0x00,0x00,0x00,0x00,0x00,0x00,0x00,0x47,0x00,0x04,0x00,0x07,0x00,0x00,0x00,
0x21,0x00,0x00,0x00,0x01,0x00,0x00,0x00,0x47,0x00,0x04,0x00,0x08,0x00,0x00,0x00,0x22,0x00,0x00,0x00,0x00,0x00,0x00,0x00,
0x47,0x00,0x04,0x00,0x08,0x00,0x00,0x00,0x21,0x00,0x00,0x00,0x04,0x00,0x00,0x00,0x47,0x00,0x04,0x00,0x0B,0x00,0x00,0x00,
0x22,0x00,0x00,0x00,0x00,0x00,0x00,0x00,0x47,0x00,0x04,0x00,0x0B,0x00,0x00,0x00,0x21,0x00,0x00,0x00,0x07,0x00,0x00,0x00,
0x47,0x00,0x04,0x00,0x0C,0x00,0x00,0x00,0x22,0x00,0x00,0x00,0x00,0x00,0x00,0x00,0x47,0x00,0x04,0x00,0x0C,0x00,0x00,0x00,
0x21,0x00,0x00,0x00,0x08,0x00,0x00,0x00,0x48,0x00,0x05,0x00,0x04,0x00,0x00,0x00,0x00,0x00,0x00,0x00,0x23,0x00,0x00,0x00,
0x00,0x00,0x00,0x00,0x48,0x00,0x05,0x00,0x04,0x00,0x00,0x00,0x01,0x00,0x00,0x00,0x23,0x00,0x00,0x00,0x04,0x00,0x00,0x00,
0x48,0x00,0x05,0x00,0x04,0x00,0x00,0x00,0x02,0x00,0x00,0x00,0x23,0x00,0x00,0x00,0x08,0x00,0x00,0x00,0x48,0x00,0x05,0x00,
0x04,0x00,0x00,0x00,0x03,0x00,0x00,0x00,0x23,0x00,0x00,0x00,0x0C,0x00,0x00,0x00,0x48,0x00,0x05,0x00,0x04,0x00,0x00,0x00,
0x04,0x00,0x00,0x00,0x23,0x00,0x00,0x00,0x10,0x00,0x00,0x00,0x48,0x00,0x05,0x00,0x04,0x00,0x00,0x00,0x05,0x00,0x00,0x00,
0x23,0x00,0x00,0x00,0x14,0x00,0x00,0x00,0x48,0x00,0x05,0x00,0x04,0x00,0x00,0x00,0x06,0x00,0x00,0x00,0x23,0x00,0x00,0x00,
0x18,0x00,0x00,0x00,0x48,0x00,0x05,0x00,0x04,0x00,0x00,0x00,0x07,0x00,0x00,0x00,0x23,0x00,0x00,0x00,0x1C,0x00,0x00,0x00,
0x47,0x00,0x03,0x00,0x04,0x00,0x00,0x00,0x02,0x00,0x00,0x00,0x15,0x00,0x04,0x00,0x0D,0x00,0x00,0x00,0x20,0x00,0x00,0x00,
0x01,0x00,0x00,0x00,0x2B,0x00,0x04,0x00,0x0D,0x00,0x00,0x00,0x0E,0x00,0x00,0x00,0x00,0x00,0x00,0x00,0x14,0x00,0x02,0x00,
0x0F,0x00,0x00,0x00,0x29,0x00,0x03,0x00,0x0F,0x00,0x00,0x00,0x10,0x00,0x00,0x00,0x2B,0x00,0x04,0x00,0x0D,0x00,0x00,0x00,
0x11,0x00,0x00,0x00,0x01,0x00,0x00,0x00,0x2B,0x00,0x04,0x00,0x0D,0x00,0x00,0x00,0x12,0x00,0x00,0x00,0x05,0x00,0x00,0x00,
0x2B,0x00,0x04,0x00,0x0D,0x00,0x00,0x00,0x13,0x00,0x00,0x00,0x04,0x00,0x00,0x00,0x15,0x00,0x04,0x00,0x14,0x00,0x00,0x00,
0x20,0x00,0x00,0x00,0x00,0x00,0x00,0x00,0x2B,0x00,0x04,0x00,0x14,0x00,0x00,0x00,0x15,0x00,0x00,0x00,0x00,0x00,0x00,0x00,
0x16,0x00,0x03,0x00,0x16,0x00,0x00,0x00,0x20,0x00,0x00,0x00,0x2B,0x00,0x04,0x00,0x16,0x00,0x00,0x00,0x17,0x00,0x00,0x00,
0x00,0x00,0x80,0x3F,0x2B,0x00,0x04,0x00,0x0D,0x00,0x00,0x00,0x18,0x00,0x00,0x00,0x03,0x00,0x00,0x00,0x2B,0x00,0x04,0x00,
0x16,0x00,0x00,0x00,0x19,0x00,0x00,0x00,0x00,0x00,0x00,0x00,0x2B,0x00,0x04,0x00,0x14,0x00,0x00,0x00,0x1A,0x00,0x00,0x00,
0x04,0x00,0x00,0x00,0x17,0x00,0x04,0x00,0x1B,0x00,0x00,0x00,0x14,0x00,0x00,0x00,0x02,0x00,0x00,0x00,0x2C,0x00,0x05,0x00,
0x1B,0x00,0x00,0x00,0x1C,0x00,0x00,0x00,0x1A,0x00,0x00,0x00,0x1A,0x00,0x00,0x00,0x2B,0x00,0x04,0x00,0x14,0x00,0x00,0x00,
0x1D,0x00,0x00,0x00,0x01,0x00,0x00,0x00,0x2C,0x00,0x05,0x00,0x1B,0x00,0x00,0x00,0x1E,0x00,0x00,0x00,0x1D,0x00,0x00,0x00,
0x1D,0x00,0x00,0x00,0x2B,0x00,0x04,0x00,0x14,0x00,0x00,0x00,0x1F,0x00,0x00,0x00,0x03,0x00,0x00,0x00,0x1E,0x00,0x0A,0x00,
0x04,0x00,0x00,0x00,0x14,0x00,0x00,0x00,0x14,0x00,0x00,0x00,0x14,0x00,0x00,0x00,0x14,0x00,0x00,0x00,0x14,0x00,0x00,0x00,
0x16,0x00,0x00,0x00,0x14,0x00,0x00,0x00,0x14,0x00,0x00,0x00,0x20,0x00,0x04,0x00,0x20,0x00,0x00,0x00,0x09,0x00,0x00,0x00,
0x04,0x00,0x00,0x00,0x19,0x00,0x09,0x00,0x06,0x00,0x00,0x00,0x16,0x00,0x00,0x00,0x01,0x00,0x00,0x00,0x02,0x00,0x00,0x00,
0x00,0x00,0x00,0x00,0x00,0x00,0x00,0x00,0x01,0x00,0x00,0x00,0x00,0x00,0x00,0x00,0x20,0x00,0x04,0x00,0x21,0x00,0x00,0x00,
0x00,0x00,0x00,0x00,0x06,0x00,0x00,0x00,0x19,0x00,0x09,0x00,0x09,0x00,0x00,0x00,0x16,0x00,0x00,0x00,0x01,0x00,0x00,0x00,
0x02,0x00,0x00,0x00,0x00,0x00,0x00,0x00,0x00,0x00,0x00,0x00,0x02,0x00,0x00,0x00,0x07,0x00,0x00,0x00,0x20,0x00,0x04,0x00,
0x22,0x00,0x00,0x00,0x00,0x00,0x00,0x00,0x09,0x00,0x00,0x00,0x19,0x00,0x09,0x00,0x0A,0x00,0x00,0x00,0x16,0x00,0x00,0x00,
0x01,0x00,0x00,0x00,0x02,0x00,0x00,0x00,0x00,0x00,0x00,0x00,0x00,0x00,0x00,0x00,0x02,0x00,0x00,0x00,0x03,0x00,0x00,0x00,
0x20,0x00,0x04,0x00,0x23,0x00,0x00,0x00,0x00,0x00,0x00,0x00,0x0A,0x00,0x00,0x00,0x17,0x00,0x04,0x00,0x24,0x00,0x00,0x00,
0x14,0x00,0x00,0x00,0x03,0x00,0x00,0x00,0x20,0x00,0x04,0x00,0x25,0x00,0x00,0x00,0x01,0x00,0x00,0x00,0x24,0x00,0x00,0x00,
0x13,0x00,0x02,0x00,0x26,0x00,0x00,0x00,0x21,0x00,0x03,0x00,0x27,0x00,0x00,0x00,0x26,0x00,0x00,0x00,0x20,0x00,0x04,0x00,
0x28,0x00,0x00,0x00,0x09,0x00,0x00,0x00,0x14,0x00,0x00,0x00,0x17,0x00,0x04,0x00,0x29,0x00,0x00,0x00,0x0D,0x00,0x00,0x00,
0x03,0x00,0x00,0x00,0x17,0x00,0x04,0x00,0x2A,0x00,0x00,0x00,0x0D,0x00,0x00,0x00,0x02,0x00,0x00,0x00,0x17,0x00,0x04,0x00,
0x2B,0x00,0x00,0x00,0x16,0x00,0x00,0x00,0x04,0x00,0x00,0x00,0x20,0x00,0x04,0x00,0x2C,0x00,0x00,0x00,0x09,0x00,0x00,0x00,
0x16,0x00,0x00,0x00,0x17,0x00,0x04,0x00,0x2D,0x00,0x00,0x00,0x16,0x00,0x00,0x00,0x02,0x00,0x00,0x00,0x3B,0x00,0x04,0x00,
0x20,0x00,0x00,0x00,0x05,0x00,0x00,0x00,0x09,0x00,0x00,0x00,0x3B,0x00,0x04,0x00,0x21,0x00,0x00,0x00,0x07,0x00,0x00,0x00,
0x00,0x00,0x00,0x00,0x3B,0x00,0x04,0x00,0x21,0x00,0x00,0x00,0x08,0x00,0x00,0x00,0x00,0x00,0x00,0x00,0x3B,0x00,0x04,0x00,
0x23,0x00,0x00,0x00,0x0B,0x00,0x00,0x00,0x00,0x00,0x00,0x00,0x3B,0x00,0x04,0x00,0x22,0x00,0x00,0x00,0x0C,0x00,0x00,0x00,
0x00,0x00,0x00,0x00,0x3B,0x00,0x04,0x00,0x25,0x00,0x00,0x00,0x03,0x00,0x00,0x00,0x01,0x00,0x00,0x00,0x2B,0x00,0x04,0x00,
0x16,0x00,0x00,0x00,0x2E,0x00,0x00,0x00,0xAC,0x06,0x23,0x3C,0x2B,0x00,0x04,0x00,0x16,0x00,0x00,0x00,0x2F,0x00,0x00,0x00,
0x00,0x00,0xC8,0x42,0x20,0x00,0x04,0x00,0x30,0x00,0x00,0x00,0x01,0x00,0x00,0x00,0x14,0x00,0x00,0x00,0x36,0x00,0x05,0x00,
0x26,0x00,0x00,0x00,0x02,0x00,0x00,0x00,0x00,0x00,0x00,0x00,0x27,0x00,0x00,0x00,0xF8,0x00,0x02,0x00,0x31,0x00,0x00,0x00,
0x3D,0x00,0x04,0x00,0x24,0x00,0x00,0x00,0x32,0x00,0x00,0x00,0x03,0x00,0x00,0x00,0xF7,0x00,0x03,0x00,0x33,0x00,0x00,0x00,
0x00,0x00,0x00,0x00,0xFB,0x00,0x03,0x00,0x15,0x00,0x00,0x00,0x34,0x00,0x00,0x00,0xF8,0x00,0x02,0x00,0x34,0x00,0x00,0x00,
0x41,0x00,0x05,0x00,0x30,0x00,0x00,0x00,0x35,0x00,0x00,0x00,0x03,0x00,0x00,0x00,0x0E,0x00,0x00,0x00,0x3D,0x00,0x04,0x00,
0x14,0x00,0x00,0x00,0x36,0x00,0x00,0x00,0x35,0x00,0x00,0x00,0x41,0x00,0x05,0x00,0x28,0x00,0x00,0x00,0x37,0x00,0x00,0x00,
0x05,0x00,0x00,0x00,0x0E,0x00,0x00,0x00,0x3D,0x00,0x04,0x00,0x14,0x00,0x00,0x00,0x38,0x00,0x00,0x00,0x37,0x00,0x00,0x00,
0xB0,0x00,0x05,0x00,0x0F,0x00,0x00,0x00,0x39,0x00,0x00,0x00,0x36,0x00,0x00,0x00,0x38,0x00,0x00,0x00,0xF7,0x00,0x03,0x00,
0x3A,0x00,0x00,0x00,0x00,0x00,0x00,0x00,0xFA,0x00,0x04,0x00,0x39,0x00,0x00,0x00,0x3B,0x00,0x00,0x00,0x3A,0x00,0x00,0x00,
0xF8,0x00,0x02,0x00,0x3B,0x00,0x00,0x00,0x41,0x00,0x05,0x00,0x30,0x00,0x00,0x00,0x3C,0x00,0x00,0x00,0x03,0x00,0x00,0x00,
0x11,0x00,0x00,0x00,0x3D,0x00,0x04,0x00,0x14,0x00,0x00,0x00,0x3D,0x00,0x00,0x00,0x3C,0x00,0x00,0x00,0x41,0x00,0x05,0x00,
0x28,0x00,0x00,0x00,0x3E,0x00,0x00,0x00,0x05,0x00,0x00,0x00,0x11,0x00,0x00,0x00,0x3D,0x00,0x04,0x00,0x14,0x00,0x00,0x00,
0x3F,0x00,0x00,0x00,0x3E,0x00,0x00,0x00,0xAE,0x00,0x05,0x00,0x0F,0x00,0x00,0x00,0x40,0x00,0x00,0x00,0x3D,0x00,0x00,0x00,
0x3F,0x00,0x00,0x00,0xF9,0x00,0x02,0x00,0x3A,0x00,0x00,0x00,0xF8,0x00,0x02,0x00,0x3A,0x00,0x00,0x00,0xF5,0x00,0x07,0x00,
0x0F,0x00,0x00,0x00,0x41,0x00,0x00,0x00,0x10,0x00,0x00,0x00,0x34,0x00,0x00,0x00,0x40,0x00,0x00,0x00,0x3B,0x00,0x00,0x00,
0xF7,0x00,0x03,0x00,0x42,0x00,0x00,0x00,0x00,0x00,0x00,0x00,0xFA,0x00,0x04,0x00,0x41,0x00,0x00,0x00,0x43,0x00,0x00,0x00,
0x42,0x00,0x00,0x00,0xF8,0x00,0x02,0x00,0x43,0x00,0x00,0x00,0xF9,0x00,0x02,0x00,0x33,0x00,0x00,0x00,0xF8,0x00,0x02,0x00,
0x42,0x00,0x00,0x00,0x51,0x00,0x05,0x00,0x14,0x00,0x00,0x00,0x44,0x00,0x00,0x00,0x32,0x00,0x00,0x00,0x00,0x00,0x00,0x00,
0x51,0x00,0x05,0x00,0x14,0x00,0x00,0x00,0x45,0x00,0x00,0x00,0x32,0x00,0x00,0x00,0x01,0x00,0x00,0x00,0x7C,0x00,0x04,0x00,
0x0D,0x00,0x00,0x00,0x46,0x00,0x00,0x00,0x44,0x00,0x00,0x00,0x7C,0x00,0x04,0x00,0x0D,0x00,0x00,0x00,0x47,0x00,0x00,0x00,
0x45,0x00,0x00,0x00,0x50,0x00,0x06,0x00,0x29,0x00,0x00,0x00,0x48,0x00,0x00,0x00,0x46,0x00,0x00,0x00,0x47,0x00,0x00,0x00,
0x0E,0x00,0x00,0x00,0x4F,0x00,0x07,0x00,0x2A,0x00,0x00,0x00,0x49,0x00,0x00,0x00,0x48,0x00,0x00,0x00,0x48,0x00,0x00,0x00,
0x00,0x00,0x00,0x00,0x01,0x00,0x00,0x00,0x3D,0x00,0x04,0x00,0x06,0x00,0x00,0x00,0x4A,0x00,0x00,0x00,0x07,0x00,0x00,0x00,
0x5F,0x00,0x07,0x00,0x2B,0x00,0x00,0x00,0x4B,0x00,0x00,0x00,0x4A,0x00,0x00,0x00,0x49,0x00,0x00,0x00,0x02,0x00,0x00,0x00,
0x0E,0x00,0x00,0x00,0x51,0x00,0x05,0x00,0x16,0x00,0x00,0x00,0x4C,0x00,0x00,0x00,0x4B,0x00,0x00,0x00,0x00,0x00,0x00,0x00,
0x41,0x00,0x05,0x00,0x2C,0x00,0x00,0x00,0x4D,0x00,0x00,0x00,0x05,0x00,0x00,0x00,0x12,0x00,0x00,0x00,0x3D,0x00,0x04,0x00,
0x16,0x00,0x00,0x00,0x4E,0x00,0x00,0x00,0x4D,0x00,0x00,0x00,0x85,0x00,0x05,0x00,0x16,0x00,0x00,0x00,0x4F,0x00,0x00,0x00,
0x4C,0x00,0x00,0x00,0x4E,0x00,0x00,0x00,0x41,0x00,0x05,0x00,0x28,0x00,0x00,0x00,0x50,0x00,0x00,0x00,0x05,0x00,0x00,0x00,
0x13,0x00,0x00,0x00,0x3D,0x00,0x04,0x00,0x14,0x00,0x00,0x00,0x51,0x00,0x00,0x00,0x50,0x00,0x00,0x00,0xAB,0x00,0x05,0x00,
0x0F,0x00,0x00,0x00,0x52,0x00,0x00,0x00,0x51,0x00,0x00,0x00,0x15,0x00,0x00,0x00,0xF7,0x00,0x03,0x00,0x53,0x00,0x00,0x00,
0x00,0x00,0x00,0x00,0xFA,0x00,0x04,0x00,0x52,0x00,0x00,0x00,0x54,0x00,0x00,0x00,0x53,0x00,0x00,0x00,0xF8,0x00,0x02,0x00,
0x54,0x00,0x00,0x00,0x85,0x00,0x05,0x00,0x16,0x00,0x00,0x00,0x55,0x00,0x00,0x00,0x4F,0x00,0x00,0x00,0x2E,0x00,0x00,0x00,
0x0C,0x00,0x06,0x00,0x16,0x00,0x00,0x00,0x56,0x00,0x00,0x00,0x01,0x00,0x00,0x00,0x1B,0x00,0x00,0x00,0x55,0x00,0x00,0x00,
0x83,0x00,0x05,0x00,0x16,0x00,0x00,0x00,0x57,0x00,0x00,0x00,0x56,0x00,0x00,0x00,0x17,0x00,0x00,0x00,0x85,0x00,0x05,0x00,
0x16,0x00,0x00,0x00,0x58,0x00,0x00,0x00,0x57,0x00,0x00,0x00,0x2F,0x00,0x00,0x00,0xF9,0x00,0x02,0x00,0x53,0x00,0x00,0x00,
0xF8,0x00,0x02,0x00,0x53,0x00,0x00,0x00,0xF5,0x00,0x07,0x00,0x16,0x00,0x00,0x00,0x59,0x00,0x00,0x00,0x4F,0x00,0x00,0x00,
0x42,0x00,0x00,0x00,0x58,0x00,0x00,0x00,0x54,0x00,0x00,0x00,0x41,0x00,0x05,0x00,0x28,0x00,0x00,0x00,0x5A,0x00,0x00,0x00,
0x05,0x00,0x00,0x00,0x18,0x00,0x00,0x00,0x3D,0x00,0x04,0x00,0x14,0x00,0x00,0x00,0x5B,0x00,0x00,0x00,0x5A,0x00,0x00,0x00,
0xAB,0x00,0x05,0x00,0x0F,0x00,0x00,0x00,0x5C,0x00,0x00,0x00,0x5B,0x00,0x00,0x00,0x15,0x00,0x00,0x00,0xF7,0x00,0x03,0x00,
0x5D,0x00,0x00,0x00,0x00,0x00,0x00,0x00,0xFA,0x00,0x04,0x00,0x5C,0x00,0x00,0x00,0x5E,0x00,0x00,0x00,0x5D,0x00,0x00,0x00,
0xF8,0x00,0x02,0x00,0x5E,0x00,0x00,0x00,0x83,0x00,0x05,0x00,0x16,0x00,0x00,0x00,0x5F,0x00,0x00,0x00,0x17,0x00,0x00,0x00,
0x59,0x00,0x00,0x00,0xF9,0x00,0x02,0x00,0x5D,0x00,0x00,0x00,0xF8,0x00,0x02,0x00,0x5D,0x00,0x00,0x00,0xF5,0x00,0x07,0x00,
0x16,0x00,0x00,0x00,0x60,0x00,0x00,0x00,0x59,0x00,0x00,0x00,0x53,0x00,0x00,0x00,0x5F,0x00,0x00,0x00,0x5E,0x00,0x00,0x00,
0x0C,0x00,0x08,0x00,0x16,0x00,0x00,0x00,0x61,0x00,0x00,0x00,0x01,0x00,0x00,0x00,0x2B,0x00,0x00,0x00,0x60,0x00,0x00,0x00,
0x19,0x00,0x00,0x00,0x17,0x00,0x00,0x00,0x4F,0x00,0x07,0x00,0x1B,0x00,0x00,0x00,0x62,0x00,0x00,0x00,0x32,0x00,0x00,0x00,
0x32,0x00,0x00,0x00,0x00,0x00,0x00,0x00,0x01,0x00,0x00,0x00,0x3D,0x00,0x04,0x00,0x0A,0x00,0x00,0x00,0x63,0x00,0x00,0x00,
0x0B,0x00,0x00,0x00,0x63,0x00,0x05,0x00,0x63,0x00,0x00,0x00,0x62,0x00,0x00,0x00,0x61,0x00,0x00,0x00,0x00,0x00,0x00,0x00,
0x86,0x00,0x05,0x00,0x1B,0x00,0x00,0x00,0x64,0x00,0x00,0x00,0x62,0x00,0x00,0x00,0x1C,0x00,0x00,0x00,0x80,0x00,0x05,0x00,
0x14,0x00,0x00,0x00,0x65,0x00,0x00,0x00,0x38,0x00,0x00,0x00,0x1F,0x00,0x00,0x00,0x86,0x00,0x05,0x00,0x14,0x00,0x00,0x00,
0x66,0x00,0x00,0x00,0x65,0x00,0x00,0x00,0x1A,0x00,0x00,0x00,0x7C,0x00,0x04,0x00,0x0D,0x00,0x00,0x00,0x67,0x00,0x00,0x00,
0x66,0x00,0x00,0x00,0x41,0x00,0x05,0x00,0x28,0x00,0x00,0x00,0x68,0x00,0x00,0x00,0x05,0x00,0x00,0x00,0x11,0x00,0x00,0x00,
0x3D,0x00,0x04,0x00,0x14,0x00,0x00,0x00,0x69,0x00,0x00,0x00,0x68,0x00,0x00,0x00,0x80,0x00,0x05,0x00,0x14,0x00,0x00,0x00,
0x6A,0x00,0x00,0x00,0x69,0x00,0x00,0x00,0x1F,0x00,0x00,0x00,0x86,0x00,0x05,0x00,0x14,0x00,0x00,0x00,0x6B,0x00,0x00,0x00,
0x6A,0x00,0x00,0x00,0x1A,0x00,0x00,0x00,0x7C,0x00,0x04,0x00,0x0D,0x00,0x00,0x00,0x6C,0x00,0x00,0x00,0x6B,0x00,0x00,0x00,
0x50,0x00,0x05,0x00,0x2A,0x00,0x00,0x00,0x6D,0x00,0x00,0x00,0x67,0x00,0x00,0x00,0x6C,0x00,0x00,0x00,0x7C,0x00,0x04,0x00,
0x1B,0x00,0x00,0x00,0x6E,0x00,0x00,0x00,0x6D,0x00,0x00,0x00,0x82,0x00,0x05,0x00,0x1B,0x00,0x00,0x00,0x6F,0x00,0x00,0x00,
0x6E,0x00,0x00,0x00,0x1E,0x00,0x00,0x00,0x0C,0x00,0x07,0x00,0x1B,0x00,0x00,0x00,0x70,0x00,0x00,0x00,0x01,0x00,0x00,0x00,
0x26,0x00,0x00,0x00,0x64,0x00,0x00,0x00,0x6F,0x00,0x00,0x00,0x51,0x00,0x05,0x00,0x14,0x00,0x00,0x00,0x71,0x00,0x00,0x00,
0x70,0x00,0x00,0x00,0x00,0x00,0x00,0x00,0x51,0x00,0x05,0x00,0x14,0x00,0x00,0x00,0x72,0x00,0x00,0x00,0x70,0x00,0x00,0x00,
0x01,0x00,0x00,0x00,0x7C,0x00,0x04,0x00,0x0D,0x00,0x00,0x00,0x73,0x00,0x00,0x00,0x71,0x00,0x00,0x00,0x7C,0x00,0x04,0x00,
0x0D,0x00,0x00,0x00,0x74,0x00,0x00,0x00,0x72,0x00,0x00,0x00,0x50,0x00,0x06,0x00,0x29,0x00,0x00,0x00,0x75,0x00,0x00,0x00,
0x73,0x00,0x00,0x00,0x74,0x00,0x00,0x00,0x0E,0x00,0x00,0x00,0x4F,0x00,0x07,0x00,0x2A,0x00,0x00,0x00,0x76,0x00,0x00,0x00,
0x75,0x00,0x00,0x00,0x75,0x00,0x00,0x00,0x00,0x00,0x00,0x00,0x01,0x00,0x00,0x00,0x3D,0x00,0x04,0x00,0x06,0x00,0x00,0x00,
0x77,0x00,0x00,0x00,0x08,0x00,0x00,0x00,0x5F,0x00,0x07,0x00,0x2B,0x00,0x00,0x00,0x78,0x00,0x00,0x00,0x77,0x00,0x00,0x00,
0x76,0x00,0x00,0x00,0x02,0x00,0x00,0x00,0x0E,0x00,0x00,0x00,0x4F,0x00,0x07,0x00,0x2D,0x00,0x00,0x00,0x79,0x00,0x00,0x00,
0x78,0x00,0x00,0x00,0x78,0x00,0x00,0x00,0x00,0x00,0x00,0x00,0x01,0x00,0x00,0x00,0x3D,0x00,0x04,0x00,0x09,0x00,0x00,0x00,
0x7A,0x00,0x00,0x00,0x0C,0x00,0x00,0x00,0x63,0x00,0x05,0x00,0x7A,0x00,0x00,0x00,0x62,0x00,0x00,0x00,0x79,0x00,0x00,0x00,
0x00,0x00,0x00,0x00,0xF9,0x00,0x02,0x00,0x33,0x00,0x00,0x00,0xF8,0x00,0x02,0x00,0x33,0x00,0x00,0x00,0xFD,0x00,0x01,0x00,
0x38,0x00,0x01,0x00
};
}
